date,tavg,tmin,tmax,prcp,snow,wdir,wspd,wpgt,pres,tsun
2019-01-01 00:00:00,23.4,19.9,28.4,,,,,,,
2019-01-02 00:00:00,,,,,,,,,,
2019-01-03 00:00:00,21.5,,31.7,416.6,,,,,,
2019-01-04 00:00:00,,,,,,,,,,
2019-01-05 00:00:00,,,,,,,,,,
2019-01-06 00:00:00,,,,,,,,,,
2019-01-07 00:00:00,22.9,17.2,29.5,,,,,,,
2019-01-08 00:00:00,,,,,,,,,,
2019-01-09 00:00:00,,,,,,,,,,
2019-01-10 00:00:00,19.5,,32.3,6.1,,,,,,
2019-01-11 00:00:00,,,,,,,,,,
2019-01-12 00:00:00,,,,,,,,,,
2019-01-13 00:00:00,,,,,,,,,,
2019-01-14 00:00:00,20.4,,27.7,,,,,,,
2019-01-15 00:00:00,,,,,,,,,,
2019-01-16 00:00:00,,,,,,,,,,
2019-01-17 00:00:00,,,,,,,,,,
2019-01-18 00:00:00,16,14,29.2,13.5,,,,,,
2019-01-19 00:00:00,,,,,,,,,,
2019-01-20 00:00:00,,,,,,,,,,
2019-01-21 00:00:00,,,,,,,,,,
2019-01-22 00:00:00,,,,,,,,,,
2019-01-23 00:00:00,,,,,,,,,,
2019-01-24 00:00:00,26.9,19.8,34.2,,,,,,,
2019-01-25 00:00:00,26.2,18.8,34.1,,,,,,,
2019-01-26 00:00:00,24.9,17.5,33.6,,,,,,,
2019-01-27 00:00:00,23.8,19.5,33.5,,,,,,,
2019-01-28 00:00:00,,,,,,,,,,
2019-01-29 00:00:00,24.5,18,31,,,,,,,
2019-01-30 00:00:00,22.9,18.8,30.7,,,,,,,
2019-01-31 00:00:00,21.9,18.8,30.4,,,,,,,
2019-02-01 00:00:00,20.7,,27.8,,,,,,,
2019-02-02 00:00:00,,,,,,,,,,
2019-02-03 00:00:00,19.4,16,25,,,,,,,
2019-02-04 00:00:00,18.4,13.8,24.6,,,,,,,
2019-02-05 00:00:00,,,,,,,,,,
2019-02-06 00:00:00,,,,,,,,,,
2019-02-07 00:00:00,,,,,,,,,,
2019-02-08 00:00:00,,,,,,,,,,
2019-02-09 00:00:00,22.7,18.1,30.6,,,,,,,
2019-02-10 00:00:00,21.9,16.5,32.1,436.1,,,,,,
2019-02-11 00:00:00,,,,,,,,,,
2019-02-12 00:00:00,17,,33.3,48,,,,,,
2019-02-13 00:00:00,,,,,,,,,,
2019-02-14 00:00:00,,,,,,,,,,
2019-02-15 00:00:00,,,,,,,,,,
2019-02-16 00:00:00,20.6,13.5,28.7,,,,,,,
2019-02-17 00:00:00,21.5,16.6,27.7,,,,,,,
2019-02-18 00:00:00,22.1,17.7,28.3,,,,,,,
2019-02-19 00:00:00,,,,,,,,,,
2019-02-20 00:00:00,23.3,17,31.2,,,,,,,
2019-02-21 00:00:00,,,,,,,,,,
2019-02-22 00:00:00,,,,,,,,,,
2019-02-23 00:00:00,25.1,17.7,32.4,,,,,,,
2019-02-24 00:00:00,24.7,18.2,32.5,,,,,,,
2019-02-25 00:00:00,20.6,,32.3,,,,,,,
2019-02-26 00:00:00,15.9,13,23.8,10.9,,,,,,
2019-02-27 00:00:00,,,,,,,,,,
2019-02-28 00:00:00,,,,,,,,,,
2019-03-01 00:00:00,19.4,13.7,26,,,,,,,
2019-03-02 00:00:00,,,,,,,,,,
2019-03-03 00:00:00,21.5,15.1,29.5,,,,,,,
2019-03-04 00:00:00,,,,,,,,,,
2019-03-05 00:00:00,21.8,18.9,31.8,,,,,,,
2019-03-06 00:00:00,21.7,18.3,27.5,,,,,,,
2019-03-07 00:00:00,,,,,,,,,,
2019-03-08 00:00:00,20.9,,32,,,,,,,
2019-03-09 00:00:00,15.4,,27.5,20.1,,,,,,
2019-03-10 00:00:00,,,,,,,,,,
2019-03-11 00:00:00,,,,,,,,,,
2019-03-12 00:00:00,,,,,,,,,,
2019-03-13 00:00:00,,,,,,,,,,
2019-03-14 00:00:00,18.4,13,26.1,,,,,,,
2019-03-15 00:00:00,19.4,16.2,24.6,,,,,,,
2019-03-16 00:00:00,,,,,,,,,,
2019-03-17 00:00:00,18.3,15.7,25.1,,,,,,,
2019-03-18 00:00:00,,,,,,,,,,
2019-03-19 00:00:00,19.6,16.3,25.7,,,,,,,
2019-03-20 00:00:00,15.2,,24.3,,,,,,,
2019-03-21 00:00:00,,,,,,,,,,
2019-03-22 00:00:00,,,,,,,,,,
2019-03-23 00:00:00,,,,,,,,,,
2019-03-24 00:00:00,,,,,,,,,,
2019-03-25 00:00:00,18.4,13.7,25.9,,,,,,,
2019-03-26 00:00:00,15.3,,25,,,,,,,
2019-03-27 00:00:00,12.7,11.6,15.2,,,,,,,
2019-03-28 00:00:00,,,,,,,,,,
2019-03-29 00:00:00,,,,,,,,,,
2019-03-30 00:00:00,,,,,,,,,,
2019-03-31 00:00:00,20.3,14.7,26.8,,,,,,,
2019-04-01 00:00:00,20.9,18,26.4,,,,,,,
2019-04-02 00:00:00,,,,,,,,,,
2019-04-03 00:00:00,20.4,14.7,28.1,0,,,,,,
2019-04-04 00:00:00,,,,,,,,,,
2019-04-05 00:00:00,14.9,,28,,3,,,,,
2019-04-06 00:00:00,,,,,,,,,,
2019-04-07 00:00:00,,,,,,,,,,
2019-04-08 00:00:00,16.6,8.5,26.4,,,,,,,
2019-04-09 00:00:00,15.8,,25.6,,,,,,,
2019-04-10 00:00:00,,,,,,,,,,
2019-04-11 00:00:00,17.9,,24.2,,,,,,,
2019-04-12 00:00:00,15.9,13.4,21.8,,,,,,,
2019-04-13 00:00:00,,,,,,,,,,
2019-04-14 00:00:00,,,,,,,,,,
2019-04-15 00:00:00,,,,,,,,,,
2019-04-16 00:00:00,19.2,14.1,28,,,,,,,
2019-04-17 00:00:00,,,,,,,,,,
2019-04-18 00:00:00,,,,,,,,,,
2019-04-19 00:00:00,,,,,,,,,,
2019-04-20 00:00:00,21.2,15.7,28.3,,,,,,,
2019-04-21 00:00:00,20.2,16.5,26.6,,,,,,,
2019-04-22 00:00:00,17.4,15.5,24.5,,,,,,,
2019-04-23 00:00:00,14.4,,20.1,0.3,,,,,,
2019-04-24 00:00:00,,,,,,,,,,
2019-04-25 00:00:00,,,,,,,,,,
2019-04-26 00:00:00,15.2,12.9,18.5,,,,,,,
2019-04-27 00:00:00,,,,,,,,,,
2019-04-28 00:00:00,,,,,,,,,,
2019-04-29 00:00:00,15.7,9.1,25.2,,,,,,,
2019-04-30 00:00:00,17,13,23.3,,,,,,,
2019-05-01 00:00:00,,,,,,,,,,
2019-05-02 00:00:00,,,,,,,,,,
2019-05-03 00:00:00,,,,,,,,,,
2019-05-04 00:00:00,18.4,11.4,27.4,,,,,,,
2019-05-05 00:00:00,,,,,,,,,,
2019-05-06 00:00:00,19.7,14.8,27.2,,,,,,,
2019-05-07 00:00:00,18.1,15.7,24.8,,,,,,,
2019-05-08 00:00:00,,,,,,,,,,
2019-05-09 00:00:00,,,,,,,,,,
2019-05-10 00:00:00,15.3,,23.4,,,,,,,
2019-05-11 00:00:00,12.3,9.5,16.6,,,,,,,
2019-05-12 00:00:00,,,,,,,,,,
2019-05-13 00:00:00,,,,,,,,,,
2019-05-14 00:00:00,13.8,7.6,23.6,,,,,,,
2019-05-15 00:00:00,13.9,,21.2,,,,,,,
2019-05-16 00:00:00,11.4,7.3,19.9,,,,,,,
2019-05-17 00:00:00,12.8,8.9,17.8,,,,,,,
2019-05-18 00:00:00,,,,,,,,,,
2019-05-19 00:00:00,13.6,6,19.1,,,,,,,
2019-05-20 00:00:00,,,,,,,,,,
2019-05-21 00:00:00,12.3,10.8,19,,,,,,,
2019-05-22 00:00:00,8.1,,14.2,,,,,,,
2019-05-23 00:00:00,,,,,,,,,,
2019-05-24 00:00:00,,,,,,,,,,
2019-05-25 00:00:00,9.1,-0.2,20.3,,,,,,,
2019-05-26 00:00:00,,,,,,,,,,
2019-05-27 00:00:00,12.4,3.6,26.9,,,,,,,
2019-05-28 00:00:00,12.1,7.6,19.2,,,,,,,
2019-05-29 00:00:00,13.1,10.6,17.2,,,,,,,
2019-05-30 00:00:00,11.9,9.2,21.5,,,,,,,
2019-05-31 00:00:00,,,,,,,,,,
2019-06-01 00:00:00,,,,,,,,,,
2019-06-02 00:00:00,,,,,,,,,,
2019-06-03 00:00:00,,,,,,,,,,
2019-06-04 00:00:00,11.4,,21,,,,,,,
2019-06-05 00:00:00,,,,,,,,,,
2019-06-06 00:00:00,,,,,,,,,,
2019-06-07 00:00:00,11.9,4.7,27.2,,,,,,,
2019-06-08 00:00:00,,,,,,,,,,
2019-06-09 00:00:00,,,,,,,,,,
2019-06-10 00:00:00,,,,,,,,,,
2019-06-11 00:00:00,13.5,6,25,,,,,,,
2019-06-12 00:00:00,,,,,,,,,,
2019-06-13 00:00:00,12.8,5,24.9,,,,,,,
2019-06-14 00:00:00,13.7,8.4,21.5,,,,,,,
2019-06-15 00:00:00,14.8,,18.2,,,,,,,
2019-06-16 00:00:00,8.6,6,16.5,0,,,,,,
2019-06-17 00:00:00,,,,,,,,,,
2019-06-18 00:00:00,,,,,,,,,,
2019-06-19 00:00:00,,,,,,,,,,
2019-06-20 00:00:00,9.3,-0.6,22.6,,,,,,,
2019-06-21 00:00:00,,,,,,,,,,
2019-06-22 00:00:00,,,,,,,,,,
2019-06-23 00:00:00,,,,,,,,,,
2019-06-24 00:00:00,14.2,3.7,27.8,,,,,,,
2019-06-25 00:00:00,,,,,,,,,,
2019-06-26 00:00:00,,,,,,,,,,
2019-06-27 00:00:00,,,,,,,,,,
2019-06-28 00:00:00,,,,,,,,,,
2019-06-29 00:00:00,17.3,3.9,30.9,,,,,,,
2019-06-30 00:00:00,12.9,9.4,27.4,,,,,,,
2019-07-01 00:00:00,9.8,,15.3,,,,,,,
2019-07-02 00:00:00,,,,,,,,,,
2019-07-03 00:00:00,10.7,3.1,18.8,,,,,,,
2019-07-04 00:00:00,9.1,6.2,14.8,,,,,,,
2019-07-05 00:00:00,7.7,,10.4,,,,,,,
2019-07-06 00:00:00,7.8,5.7,10.5,,,,,,,
2019-07-07 00:00:00,,,,,,,,,,
2019-07-08 00:00:00,,,,,,,,,,
2019-07-09 00:00:00,,,,,,,,,,
2019-07-10 00:00:00,,,,,,,,,,
2019-07-11 00:00:00,,,,,,,,,,
2019-07-12 00:00:00,12.2,5.2,25.3,,,,,,,
2019-07-13 00:00:00,,,,,,,,,,
2019-07-14 00:00:00,,,,,,,,,,
2019-07-15 00:00:00,11.8,6.3,21.5,,,,,,,
2019-07-16 00:00:00,13.2,8.6,18.1,,,,,,,
2019-07-17 00:00:00,,,,,,,,,,
2019-07-18 00:00:00,,,,,,,,,,
2019-07-19 00:00:00,15.7,4.5,25.7,,,,,,,
2019-07-20 00:00:00,,,,,,,,,,
2019-07-21 00:00:00,,,,,,,,,,
2019-07-22 00:00:00,,,,,,,,,,
2019-07-23 00:00:00,9.2,7.6,15.6,,,,,,,
2019-07-24 00:00:00,6.2,,10.5,,,,,,,
2019-07-25 00:00:00,,,,,,,,,,
2019-07-26 00:00:00,,,,,,,,,,
2019-07-27 00:00:00,7.9,-1.1,19.8,,,,,,,
2019-07-28 00:00:00,,,,,,,,,,
2019-07-29 00:00:00,,,,,,,,,,
2019-07-30 00:00:00,,,,,,,,,,
2019-07-31 00:00:00,,,,,,,,,,
2019-08-01 00:00:00,12.1,3.2,27.6,,,,,,,
2019-08-02 00:00:00,11,7.2,20.2,,,,,,,
2019-08-03 00:00:00,,,,,,,,,,
2019-08-04 00:00:00,,,,,,,,,,
2019-08-05 00:00:00,,,,,,,,,,
2019-08-06 00:00:00,,,,,,,,,,
2019-08-07 00:00:00,12.8,0.7,26.4,,,,,,,
2019-08-08 00:00:00,8.7,1.7,24.5,,,,,,,
2019-08-09 00:00:00,,,,,,,,,,
2019-08-10 00:00:00,,,,,,,,,,
2019-08-11 00:00:00,,,,,,,,,,
2019-08-12 00:00:00,12.1,1.2,26.2,,,,,,,
2019-08-13 00:00:00,9.7,6.2,21.9,,,,,,,
2019-08-14 00:00:00,,,,,,,,,,
2019-08-15 00:00:00,,,,,,,,,,
2019-08-16 00:00:00,,,,,,,,,,
2019-08-17 00:00:00,,,,,,,,,,
2019-08-18 00:00:00,,,,,,,,,,
2019-08-19 00:00:00,13.1,6.4,19.5,,,,,,,
2019-08-20 00:00:00,10.4,1.6,19.7,,,,,,,
2019-08-21 00:00:00,,,,,,,,,,
2019-08-22 00:00:00,,,,,,,,,,
2019-08-23 00:00:00,12.2,1.3,22.5,,,,,,,
2019-08-24 00:00:00,,,,,,,,,,
2019-08-25 00:00:00,,,,,,,,,,
2019-08-26 00:00:00,,,,,,,,,,
2019-08-27 00:00:00,,,,,,,,,,
2019-08-28 00:00:00,,,,,,,,,,
2019-08-29 00:00:00,,,,,,,,,,
2019-08-30 00:00:00,20.2,13.5,35.1,,,,,,,
2019-08-31 00:00:00,14.2,11,28.4,,,,,,,
2019-09-01 00:00:00,,,,,,,,,,
2019-09-02 00:00:00,,,,,,,,,,
2019-09-03 00:00:00,12.8,6.6,21.1,,,,,,,
2019-09-04 00:00:00,10.4,5.9,19.5,,,,,,,
2019-09-05 00:00:00,10.7,8.5,13.7,,,,,,,
2019-09-06 00:00:00,,,,,,,,,,
2019-09-07 00:00:00,,,,,,,,,,
2019-09-08 00:00:00,14.6,7.5,24.8,,,,,,,
2019-09-09 00:00:00,,,,,,,,,,
2019-09-10 00:00:00,14.8,,28.5,,,,,,,
2019-09-11 00:00:00,11.6,,18,,,,,,,
2019-09-12 00:00:00,,,,,,,,,,
2019-09-13 00:00:00,12.4,2.8,22.6,,,,,,,
2019-09-14 00:00:00,,,,,,,,,,
2019-09-15 00:00:00,,,,,,,,,,
2019-09-16 00:00:00,,,,,,,,,,
2019-09-17 00:00:00,12.8,8.7,25.4,,,,,,,
2019-09-18 00:00:00,,,,,,,,,,
2019-09-19 00:00:00,,,,,,,,,,
2019-09-20 00:00:00,,,,,,,,,,
2019-09-21 00:00:00,,,,,,,,,,
2019-09-22 00:00:00,,,,,,,,,,
2019-09-23 00:00:00,,,,,,,,,,
2019-09-24 00:00:00,,,,,,,,,,
2019-09-25 00:00:00,,,,,,,,,,
2019-09-26 00:00:00,,,,,,,,,,
2019-09-27 00:00:00,19.6,,29.7,,,,,,,
2019-09-28 00:00:00,,,,,,,,,,
2019-09-29 00:00:00,22.1,11.2,32.5,,,,,,,
2019-09-30 00:00:00,,,,,,,,,,
2019-10-01 00:00:00,,,,,,,,,,
2019-10-02 00:00:00,,,,,,,,,,
2019-10-03 00:00:00,,,,,,,,,,
2019-10-04 00:00:00,14.8,6.2,23.5,,,,,,,
2019-10-05 00:00:00,13.2,10.3,23.1,,,,,,,
2019-10-06 00:00:00,,,,,,,,,,
2019-10-07 00:00:00,,,,,,,,,,
2019-10-08 00:00:00,,,,,,,,,,
2019-10-09 00:00:00,,,,,,,,,,
2019-10-10 00:00:00,,,,,,,,,,
2019-10-11 00:00:00,,,,,,,,,,
2019-10-12 00:00:00,25.6,14.2,35.7,,,,,,,
2019-10-13 00:00:00,22.9,16.7,34.6,,,,,,,
2019-10-14 00:00:00,15.1,,30.7,9.9,,,,,,
2019-10-15 00:00:00,,,,,,,,,,
2019-10-16 00:00:00,11.1,7.7,18,,,,,,,
2019-10-17 00:00:00,,,,,,,,,,
2019-10-18 00:00:00,14.1,12.2,19.4,,,,,,,
2019-10-19 00:00:00,,,,,,,,,,
2019-10-20 00:00:00,,,,,,,,,,
2019-10-21 00:00:00,,,,,,,,,,
2019-10-22 00:00:00,17.2,8,27.1,,,,,,,
2019-10-23 00:00:00,17.9,9.6,26.1,,,,,,,
2019-10-24 00:00:00,19.9,11,25.7,,,,,,,
2019-10-25 00:00:00,,,,,,,,,,
2019-10-26 00:00:00,,,,,,,,,,
2019-10-27 00:00:00,,,,,,,,,,
2019-10-28 00:00:00,28.3,14.7,39.3,,,,,,,
2019-10-29 00:00:00,27.5,17.1,38.2,,,,,,,
2019-10-30 00:00:00,24.9,,36.3,,,,,,,
2019-10-31 00:00:00,18.9,,32.6,,,,,,,
2019-11-01 00:00:00,,,,,,,,,,
2019-11-02 00:00:00,,,,,,,,,,
2019-11-03 00:00:00,18.1,,34.3,112,,,,,,
2019-11-04 00:00:00,,,,,,,,,,
2019-11-05 00:00:00,20.9,14.5,31.4,0,,,,,,
2019-11-06 00:00:00,19.7,,26.5,,,,,,,
2019-11-07 00:00:00,,,,,,,,,,
2019-11-08 00:00:00,22.9,,28.3,0.3,,,,,,
2019-11-09 00:00:00,,,,,,,,,,
2019-11-10 00:00:00,20.2,16,31.8,10.9,,,,,,
2019-11-11 00:00:00,21.9,18,26.6,0,,,,,,
2019-11-12 00:00:00,,,,,,,,,,
2019-11-13 00:00:00,,,,,,,,,,
2019-11-14 00:00:00,,,,,,,,,,
2019-11-15 00:00:00,22.9,15,30.9,,,,,,,
2019-11-16 00:00:00,23.2,15.6,29.6,,,,,,,
2019-11-17 00:00:00,24.1,,30,,,,,,,
2019-11-18 00:00:00,,,,,,,,,,
2019-11-19 00:00:00,24.4,17,32.2,,,,,,,
2019-11-20 00:00:00,,,,,,,,,,
2019-11-21 00:00:00,25.9,19.5,33.3,,,,,,,
2019-11-22 00:00:00,24.2,18.8,33.1,,,,,,,
2019-11-23 00:00:00,,,,,,,,,,
2019-11-24 00:00:00,22.4,17.8,28,,,,,,,
2019-11-25 00:00:00,,,,,,,,,,
2019-11-26 00:00:00,21.7,,33,,,,,,,
2019-11-27 00:00:00,,,,,,,,,,
2019-11-28 00:00:00,19.8,14,26.4,0,,,,,,
2019-11-29 00:00:00,,,,,,,,,,
2019-11-30 00:00:00,,,,,,,,,,
2019-12-01 00:00:00,18.3,,33.7,,,,,,,
2019-12-02 00:00:00,,,,,,,,,,
2019-12-03 00:00:00,,,,,,,,,,
2019-12-04 00:00:00,19.5,,25.5,,,,,,,
2019-12-05 00:00:00,,,,,,,,,,
2019-12-06 00:00:00,,,,,,,,,,
2019-12-07 00:00:00,20.9,14.5,27.3,,,,,,,
2019-12-08 00:00:00,,,,,,,,,,
2019-12-09 00:00:00,,,,,,,,,,
2019-12-10 00:00:00,,,,,,,,,,
2019-12-11 00:00:00,,,,,,,,,,
2019-12-12 00:00:00,,,,,,,,,,
2019-12-13 00:00:00,18.4,15.5,32.7,2,,,,,,
2019-12-14 00:00:00,,,,,,,,,,
2019-12-15 00:00:00,,,,,,,,,,
2019-12-16 00:00:00,18.7,15.9,29.5,,,,,,,
2019-12-17 00:00:00,,,,,,,,,,
2019-12-18 00:00:00,,,,,,,,,,
2019-12-19 00:00:00,,,,,,,,,,
2019-12-20 00:00:00,,,,,,,,,,
2019-12-21 00:00:00,20.3,15,33.4,,,,,,,
2019-12-22 00:00:00,19.8,16.5,27,,,,,,,
2019-12-23 00:00:00,,,,,,,,,,
2019-12-24 00:00:00,,,,,,,,,,
2019-12-25 00:00:00,,,,,,,,,,
2019-12-26 00:00:00,23.4,19,31.9,,,,,,,
2019-12-27 00:00:00,,,,,,,,,,
2019-12-28 00:00:00,,,,,,,,,,
2019-12-29 00:00:00,24.2,18.1,33.3,,,,,,,
2019-12-30 00:00:00,,,,,,,,,,
2019-12-31 00:00:00,23.4,18,33.1,,,,,,,
2020-01-01 00:00:00,22.6,18.6,32,27.9,,,,,,
2020-01-02 00:00:00,21.7,18.5,31,,,,,,,
2020-01-03 00:00:00,22.8,19.2,28.3,,,,,,,
2020-01-04 00:00:00,,,,,,,,,,
2020-01-05 00:00:00,,,,,,,,,,
2020-01-06 00:00:00,23.7,,31.6,,,,,,,
2020-01-07 00:00:00,20.2,,28.9,,,,,,,
2020-01-08 00:00:00,,,,,,,,,,
2020-01-09 00:00:00,,,,,,,,,,
2020-01-10 00:00:00,27.3,20.6,35,,,,,,,
2020-01-11 00:00:00,23.2,,35.2,,,,,,,
2020-01-12 00:00:00,,,,,,,,,,
2020-01-13 00:00:00,22.7,,32.6,,,,,,,
2020-01-14 00:00:00,,,,,,,,,,
2020-01-15 00:00:00,,,,,,,,,,
2020-01-16 00:00:00,20.7,,34.6,,,,,,,
2020-01-17 00:00:00,18.1,15.5,23.6,,,,,,,
2020-01-18 00:00:00,,,,,,,,,,
2020-01-19 00:00:00,,,,,,,,,,
2020-01-20 00:00:00,,,,,,,,,,
2020-01-21 00:00:00,,,,,,,,,,
2020-01-22 00:00:00,23.2,,29.6,,,,,,,
2020-01-23 00:00:00,23.3,18.6,29.3,,,,,,,
2020-01-24 00:00:00,,,,,,,,,,
2020-01-25 00:00:00,23.9,,31.8,,,,,,,
2020-01-26 00:00:00,23.7,18,31.6,,,,,,,
2020-01-27 00:00:00,21,16.6,30.8,,,,,,,
2020-01-28 00:00:00,19.9,14.4,27.8,,,,,,,
2020-01-29 00:00:00,,,,,,,,,,
2020-01-30 00:00:00,19.6,,29.8,11.9,,,,,,
2020-01-31 00:00:00,,,,,,,,,,
2020-02-01 00:00:00,,,,,,,,,,
2020-02-02 00:00:00,,,,,,,,,,
2020-02-03 00:00:00,22.8,16.8,31,0.5,,,,,,
2020-02-04 00:00:00,22.2,15.8,29.7,0,,,,,,
2020-02-05 00:00:00,,,,,,,,,,
2020-02-06 00:00:00,23.4,19,33,32,,,,,,
2020-02-07 00:00:00,,,,,,,,,,
2020-02-08 00:00:00,22.3,19,29.2,23.1,,,,,,
2020-02-09 00:00:00,22.8,19.6,28.8,3,,,,,,
2020-02-10 00:00:00,19.3,,28,23.9,,,,,,
2020-02-11 00:00:00,17.8,,21.2,0,,,,,,
2020-02-12 00:00:00,,,,,,,,,,
2020-02-13 00:00:00,,,,,,,,,,
2020-02-14 00:00:00,,,,,,,,,,
2020-02-15 00:00:00,,,,,,,,,,
2020-02-16 00:00:00,,,,,,,,,,
2020-02-17 00:00:00,,,,,,,,,,
2020-02-18 00:00:00,20.8,,31.8,1,,,,,,
2020-02-19 00:00:00,19,15.8,23.8,0,,,,,,
2020-02-20 00:00:00,,,,,,,,,,
2020-02-21 00:00:00,16.2,14.2,25.2,7.9,,,,,,
2020-02-22 00:00:00,14.6,,18.5,0.3,,,,,,
2020-02-23 00:00:00,,,,,,,,,,
2020-02-24 00:00:00,,,,,,,,,,
2020-02-25 00:00:00,,,,,,,,,,
2020-02-26 00:00:00,20.1,,27,9.9,,,,,,
2020-02-27 00:00:00,21.1,17.4,26,0,,,,,,
2020-02-28 00:00:00,,,,,,,,,,
2020-02-29 00:00:00,21.3,16.8,27.5,,,,,,,
2020-03-01 00:00:00,21.2,16.2,27.2,,,,,,,
2020-03-02 00:00:00,,,,,,,,,,
2020-03-03 00:00:00,,,,,,,,,,
2020-03-04 00:00:00,,,,,,,,,,
2020-03-05 00:00:00,22.9,15.6,30.1,,,,,,,
2020-03-06 00:00:00,21.7,13.6,30.6,,,,,,,
2020-03-07 00:00:00,,,,,,,,,,
2020-03-08 00:00:00,,,,,,,,,,
2020-03-09 00:00:00,23.8,15.8,33.2,,,,,,,
2020-03-10 00:00:00,23.1,14.8,32.5,,,,,,,
2020-03-11 00:00:00,22.5,18,32.5,,,,,,,
2020-03-12 00:00:00,22.8,,29.3,,,,,,,
2020-03-13 00:00:00,22.4,16.2,29.4,,,,,,,
2020-03-14 00:00:00,,,,,,,,,,
2020-03-15 00:00:00,22.4,18.6,31,,,,,,,
2020-03-16 00:00:00,19.1,17.9,27.3,,,,,,,
2020-03-17 00:00:00,,,,,,,,,,
2020-03-18 00:00:00,21,,25.4,,,,,,,
2020-03-19 00:00:00,,,,,,,,,,
2020-03-20 00:00:00,,,,,,,,,,
2020-03-21 00:00:00,,,,,,,,,,
2020-03-22 00:00:00,20.2,14.6,25.5,,,,,,,
2020-03-23 00:00:00,,,,,,,,,,
2020-03-24 00:00:00,,,,,,,,,,
2020-03-25 00:00:00,,,,,,,,,,
2020-03-26 00:00:00,16.8,15,29.6,10.9,,,,,,
2020-03-27 00:00:00,,,,,,,,,,
2020-03-28 00:00:00,,,,,,,,,,
2020-03-29 00:00:00,19.4,14,26.2,,,,,,,
2020-03-30 00:00:00,21.1,16.6,25.8,1,,,,,,
2020-03-31 00:00:00,,,,,,,,,,
2020-04-01 00:00:00,21.8,19.6,27,,,,,,,
2020-04-02 00:00:00,19.1,,25.1,56.9,,,,,,
2020-04-03 00:00:00,16,14,19.3,7.9,,,,,,
2020-04-04 00:00:00,,,,,,,,,,
2020-04-05 00:00:00,,,,,,,,,,
2020-04-06 00:00:00,17.7,11.5,24.8,,,,,,,
2020-04-07 00:00:00,15.7,14,24.8,,1,,,,,
2020-04-08 00:00:00,14.4,12.3,17.1,,,,,,,
2020-04-09 00:00:00,14.5,,16.3,0,,,,,,
2020-04-10 00:00:00,,,,,,,,,,
2020-04-11 00:00:00,,,,,,,,,,
2020-04-12 00:00:00,,,,,,,,,,
2020-04-13 00:00:00,,,,,,,,,,
2020-04-14 00:00:00,15.1,13.4,24.5,,,,,,,
2020-04-15 00:00:00,,,,,,,,,,
2020-04-16 00:00:00,15.3,8.8,21.5,,,,,,,
2020-04-17 00:00:00,,,,,,,,,,
2020-04-18 00:00:00,,,,,,,,,,
2020-04-19 00:00:00,17.1,10.4,25.1,,,,,,,
2020-04-20 00:00:00,,,,,,,,,,
2020-04-21 00:00:00,17.8,9.8,27.1,,,,,,,
2020-04-22 00:00:00,20.4,13,27.3,,,,,,,
2020-04-23 00:00:00,20.3,,26,,,,,,,
2020-04-24 00:00:00,,,,,,,,,,
2020-04-25 00:00:00,,,,,,,,,,
2020-04-26 00:00:00,21.1,16.4,29.3,,3,,,,,
2020-04-27 00:00:00,20.4,18.8,24.2,,,,,,,
2020-04-28 00:00:00,,,,,,,,,,
2020-04-29 00:00:00,17.4,15,28.3,,,,,,,
2020-04-30 00:00:00,15.9,13.9,21,,,,,,,
2020-05-01 00:00:00,,,,,,,,,,
2020-05-02 00:00:00,17,12.8,22.4,,,,,,,
2020-05-03 00:00:00,17.2,12.2,22,,,,,,,
2020-05-04 00:00:00,,,,,,,,,,
2020-05-05 00:00:00,16.6,11,24.8,,,,,,,
2020-05-06 00:00:00,12.4,7.8,22.6,,,,,,,
2020-05-07 00:00:00,9.8,6.5,16.4,,,,,,,
2020-05-08 00:00:00,,,,,,,,,,
2020-05-09 00:00:00,,,,,,,,,,
2020-05-10 00:00:00,,,,,,,,,,
2020-05-11 00:00:00,14.8,6,28,,,,,,,
2020-05-12 00:00:00,14.9,9,21.9,,,,,,,
2020-05-13 00:00:00,14.1,11.6,21.6,,,,,,,
2020-05-14 00:00:00,,,,,,,,,,
2020-05-15 00:00:00,,,,,,,,,,
2020-05-16 00:00:00,,,,,,,,,,
2020-05-17 00:00:00,13.5,,26.2,,,,,,,
2020-05-18 00:00:00,14,3.5,25.6,,,,,,,
2020-05-19 00:00:00,,,,,,,,,,
2020-05-20 00:00:00,,,,,,,,,,
2020-05-21 00:00:00,16.4,8.3,27.8,,,,,,,
2020-05-22 00:00:00,9.4,6.8,23.2,,,,,,,
2020-05-23 00:00:00,,,,,,,,,,
2020-05-24 00:00:00,,,,,,,,,,
2020-05-25 00:00:00,,,,,,,,,,
2020-05-26 00:00:00,12.8,2.4,25.9,,,,,,,
2020-05-27 00:00:00,,,,,,,,,,
2020-05-28 00:00:00,,,,,,,,,,
2020-05-29 00:00:00,14.2,4.7,25.2,,,,,,,
2020-05-30 00:00:00,13.4,4.8,25.5,,,,,,,
2020-05-31 00:00:00,9.2,6.5,22.8,,,,,,,
2020-06-01 00:00:00,,,,,,,,,,
2020-06-02 00:00:00,,,,,,,,,,
2020-06-03 00:00:00,10.8,1.8,18.8,,,,,,,
2020-06-04 00:00:00,8.5,,16.6,,,,,,,
2020-06-05 00:00:00,,,,,,,,,,
2020-06-06 00:00:00,,,,,,,,,,
2020-06-07 00:00:00,,,,,,,,,,
2020-06-08 00:00:00,10.3,2.1,23.2,,,,,,,
2020-06-09 00:00:00,10,3.4,19,,,,,,,
2020-06-10 00:00:00,10.3,4.3,18.8,,,,,,,
2020-06-11 00:00:00,,,,,,,,,,
2020-06-12 00:00:00,,,,,,,,,,
2020-06-13 00:00:00,12.4,6.4,28,,,,,,,
2020-06-14 00:00:00,,,,,,,,,,
2020-06-15 00:00:00,,,,,,,,,,
2020-06-16 00:00:00,,,,,,,,,,
2020-06-17 00:00:00,,,,,,,,,,
2020-06-18 00:00:00,,,,,,,,,,
2020-06-19 00:00:00,,,,,,,,,,
2020-06-20 00:00:00,14.2,4.6,27.6,,,,,,,
2020-06-21 00:00:00,14.2,5.4,25.5,,,,,,,
2020-06-22 00:00:00,15.2,7.4,25.8,,,,,,,
2020-06-23 00:00:00,,,,,,,,,,
2020-06-24 00:00:00,14.8,6.4,31,,,,,,,
2020-06-25 00:00:00,10.1,,22,,,,,,,
2020-06-26 00:00:00,,,,,,,,,,
2020-06-27 00:00:00,,,,,,,,,,
2020-06-28 00:00:00,10.2,-0.8,17.7,,,,,,,
2020-06-29 00:00:00,,,,,,,,,,
2020-06-30 00:00:00,11.6,1.8,22.3,,,,,,,
2020-07-01 00:00:00,7.7,-1.2,19.4,,,,,,,
2020-07-02 00:00:00,6.8,-1.4,16.5,,,,,,,
2020-07-03 00:00:00,,,,,,,,,,
2020-07-04 00:00:00,,,,,,,,,,
2020-07-05 00:00:00,10.6,-0.4,25.5,,,,,,,
2020-07-06 00:00:00,8.5,1.8,21,,,,,,,
2020-07-07 00:00:00,6.9,5.8,10.6,,,,,,,
2020-07-08 00:00:00,,,,,,,,,,
2020-07-09 00:00:00,,,,,,,,,,
2020-07-10 00:00:00,,,,,,,,,,
2020-07-11 00:00:00,12.7,-0.8,27.2,,,,,,,
2020-07-12 00:00:00,,,,,,,,,,
2020-07-13 00:00:00,11.4,1.4,25.8,,,,,,,
2020-07-14 00:00:00,11.1,2.6,21.1,,,,,,,
2020-07-15 00:00:00,,,,,,,,,,
2020-07-16 00:00:00,,,,,,,,,,
2020-07-17 00:00:00,11.3,1.8,22.3,,,,,,,
2020-07-18 00:00:00,,,,,,,,,,
2020-07-19 00:00:00,16.7,4.5,31.4,,,,,,,
2020-07-20 00:00:00,15.1,6,31.2,,,,,,,
2020-07-21 00:00:00,,,,,,,,,,
2020-07-22 00:00:00,13.7,,24.3,,,,,,,
2020-07-23 00:00:00,9.1,6.8,13.9,,,,,,,
2020-07-24 00:00:00,4.9,2.4,10.7,,,,,,,
2020-07-25 00:00:00,,,,,,,,,,
2020-07-26 00:00:00,,,,,,,,,,
2020-07-27 00:00:00,,,,,,,,,,
2020-07-28 00:00:00,,,,,,,,,,
2020-07-29 00:00:00,,,,,,,,,,
2020-07-30 00:00:00,,,,,,,,,,
2020-07-31 00:00:00,,,,,,,,,,
2020-08-01 00:00:00,,,,,,,,,,
2020-08-02 00:00:00,,,,,,,,,,
2020-08-03 00:00:00,17.3,7.3,29.5,,,,,,,
2020-08-04 00:00:00,17.2,7.5,27.5,,,,,,,
2020-08-05 00:00:00,,,,,,,,,,
2020-08-06 00:00:00,17.7,9,30.4,,,,,,,
2020-08-07 00:00:00,16.8,9.9,27.6,,,,,,,
2020-08-08 00:00:00,14.2,5.2,23.2,,,,,,,
2020-08-09 00:00:00,,,,,,,,,,
2020-08-10 00:00:00,,,,,,,,,,
2020-08-11 00:00:00,13.8,8.7,28.8,,,,,,,
2020-08-12 00:00:00,,,,,,,,,,
2020-08-13 00:00:00,,,,,,,,,,
2020-08-14 00:00:00,,,,,,,,,,
2020-08-15 00:00:00,12.7,2,28.4,,,,,,,
2020-08-16 00:00:00,12.6,5.2,22.8,,,,,,,
2020-08-17 00:00:00,,,,,,,,,,
2020-08-18 00:00:00,,,,,,,,,,
2020-08-19 00:00:00,,,,,,,,,,
2020-08-20 00:00:00,6.6,3,16.4,,,,,,,
2020-08-21 00:00:00,,,,,,,,,,
2020-08-22 00:00:00,,,,,,,,,,
2020-08-23 00:00:00,,,,,,,,,,
2020-08-24 00:00:00,,,,,,,,,,
2020-08-25 00:00:00,,,,,,,,,,
2020-08-26 00:00:00,20.9,8.5,32.4,,,,,,,
2020-08-27 00:00:00,18.7,11.6,31.2,,,,,,,
2020-08-28 00:00:00,,,,,,,,,,
2020-08-29 00:00:00,,,,,,,,,,
2020-08-30 00:00:00,,,,,,,,,,
2020-08-31 00:00:00,,,,,,,,,,
2020-09-01 00:00:00,7.8,5.6,11.9,0,,,,,,
2020-09-02 00:00:00,,,,,,,,,,
2020-09-03 00:00:00,,,,,,,,,,
2020-09-04 00:00:00,,,,,,,,,,
2020-09-05 00:00:00,,,,,,,,,,
2020-09-06 00:00:00,15.7,12.5,27.8,,,,,,,
2020-09-07 00:00:00,,,,,,,,,,
2020-09-08 00:00:00,,,,,,,,,,
2020-09-09 00:00:00,,,,,,,,,,
2020-09-10 00:00:00,18.4,9,29,,,,,,,
2020-09-11 00:00:00,,,,,,,,,,
2020-09-12 00:00:00,19.1,14.8,31,,,,,,,
2020-09-13 00:00:00,,,,,,,,,,
2020-09-14 00:00:00,14.1,,27.6,,,,,,,
2020-09-15 00:00:00,,,,,,,,,,
2020-09-16 00:00:00,,,,,,,,,,
2020-09-17 00:00:00,17.9,7.4,27.7,,,,,,,
2020-09-18 00:00:00,,,,,,,,,,
2020-09-19 00:00:00,16.6,9.5,31,,,,,,,
2020-09-20 00:00:00,15.7,10.6,22.2,,,,,,,
2020-09-21 00:00:00,,,,,,,,,,
2020-09-22 00:00:00,,,,,,,,,,
2020-09-23 00:00:00,,,,,,,,,,
2020-09-24 00:00:00,,,,,,,,,,
2020-09-25 00:00:00,,,,,,,,,,
2020-09-26 00:00:00,,,,,,,,,,
2020-09-27 00:00:00,,,,,,,,,,
2020-09-28 00:00:00,,,,,,,,,,
2020-09-29 00:00:00,,,,,,,,,,
2020-09-30 00:00:00,,,,,,,,,,
2020-10-01 00:00:00,23.2,,35.8,,,,,,,
2020-10-02 00:00:00,21.3,13.9,35.2,,,,,,,
2020-10-03 00:00:00,16.6,11.6,28,,,,,,,
2020-10-04 00:00:00,,,,,,,,,,
2020-10-05 00:00:00,14.1,8,23,,,,,,,
2020-10-06 00:00:00,,,,,,,,,,
2020-10-07 00:00:00,,,,,,,,,,
2020-10-08 00:00:00,,,,,,,,,,
2020-10-09 00:00:00,21.3,15.8,31,,,,,,,
2020-10-10 00:00:00,,,,,,,,,,
2020-10-11 00:00:00,,,,,,,,,,
2020-10-12 00:00:00,19.5,10.2,30.4,,,,,,,
2020-10-13 00:00:00,19.9,11.7,28.5,,,,,,,
2020-10-14 00:00:00,,,,,,,,,,
2020-10-15 00:00:00,19.8,15.6,31.4,,,,,,,
2020-10-16 00:00:00,,,,,,,,,,
2020-10-17 00:00:00,,,,,,,,,,
2020-10-18 00:00:00,,,,,,,,,,
2020-10-19 00:00:00,,,,,,,,,,
2020-10-20 00:00:00,24.1,18,36.4,,,,,,,
2020-10-21 00:00:00,20.9,,30.5,,,,,,,
2020-10-22 00:00:00,23.3,18.1,27.9,,,,,,,
2020-10-23 00:00:00,,,,,,,,,,
2020-10-24 00:00:00,,,,,,,,,,
2020-10-25 00:00:00,,,,,,,,,,
2020-10-26 00:00:00,20.7,13.2,34.9,,,,,,,
2020-10-27 00:00:00,,,,,,,,,,
2020-10-28 00:00:00,,,,,,,,,,
2020-10-29 00:00:00,,,,,,,,,,
2020-10-30 00:00:00,,,,,,,,,,
2020-10-31 00:00:00,,,,,,,,,,
2020-11-01 00:00:00,,,,,,,,,,
2020-11-02 00:00:00,,,,,,,,,,
2020-11-03 00:00:00,,,,,,,,,,
2020-11-04 00:00:00,21.4,11.4,30,,,,,,,
2020-11-05 00:00:00,21.4,10.5,29.4,,,,,,,
2020-11-06 00:00:00,22.3,12,30.2,,,,,,,
2020-11-07 00:00:00,,,,,,,,,,
2020-11-08 00:00:00,22.7,12.5,31,,,,,,,
2020-11-09 00:00:00,22.6,15,29.4,,,,,,,
2020-11-10 00:00:00,21.8,15.2,28.4,,,,,,,
2020-11-11 00:00:00,21.1,17.3,28.1,,,,,,,
2020-11-12 00:00:00,20.8,16,27.7,,,,,,,
2020-11-13 00:00:00,,,,,,,,,,
2020-11-14 00:00:00,,,,,,,,,,
2020-11-15 00:00:00,,,,,,,,,,
2020-11-16 00:00:00,,,,,,,,,,
2020-11-17 00:00:00,18.3,15.4,22.2,2,,,,,,
2020-11-18 00:00:00,15.4,9.8,22.3,14,,,,,,
2020-11-19 00:00:00,,,,,,,,,,
2020-11-20 00:00:00,,,,,,,,,,
2020-11-21 00:00:00,,,,,,,,,,
2020-11-22 00:00:00,22.4,14,30.3,,,,,,,
2020-11-23 00:00:00,,,,,,,,,,
2020-11-24 00:00:00,,,,,,,,,,
2020-11-25 00:00:00,26.9,18.2,35,,,,,,,
2020-11-26 00:00:00,23,,35.4,,,,,,,
2020-11-27 00:00:00,19.4,15.8,25.7,3,,,,,,
2020-11-28 00:00:00,,,,,,,,,,
2020-11-29 00:00:00,,,,,,,,,,
2020-11-30 00:00:00,20.7,,33.7,15,,,,,,
2020-12-01 00:00:00,,,,,,,,,,
2020-12-02 00:00:00,,,,,,,,,,
2020-12-03 00:00:00,21.6,,31.2,,,,,,,
2020-12-04 00:00:00,19,,26.5,,,,,,,
2020-12-05 00:00:00,13.9,11.9,20.9,8.1,,,,,,
2020-12-06 00:00:00,,,,,,,,,,
2020-12-07 00:00:00,,,,,,,,,,
2020-12-08 00:00:00,,,,,,,,,,
2020-12-09 00:00:00,,,,,,,,,,
2020-12-10 00:00:00,,,,,,,,,,
2020-12-11 00:00:00,,,,,,,,,,
2020-12-12 00:00:00,23.2,15.7,36,20.1,,,,,,
2020-12-13 00:00:00,,,,,,,,,,
2020-12-14 00:00:00,18.9,13,33.2,5.1,,,,,,
2020-12-15 00:00:00,,,,,,,,,,
2020-12-16 00:00:00,22.1,,30.4,0,,,,,,
2020-12-17 00:00:00,,,,,,,,,,
2020-12-18 00:00:00,,,,,,,,,,
2020-12-19 00:00:00,,,,,,,,,,
2020-12-20 00:00:00,22.3,16.9,29.4,,,,,,,
2020-12-21 00:00:00,21.5,13.8,28,,,,,,,
2020-12-22 00:00:00,,,,,,,,,,
2020-12-23 00:00:00,,,,,,,,,,
2020-12-24 00:00:00,25.3,19.5,32.3,,,,,,,
2020-12-25 00:00:00,22.8,,32.2,,,,,,,
2020-12-26 00:00:00,,,,,,,,,,
2020-12-27 00:00:00,23.2,19,30.8,0,,,,,,
2020-12-28 00:00:00,24.5,19.8,31.4,,,,,,,
2020-12-29 00:00:00,23.3,17,30.8,25.9,,,,,,
2020-12-30 00:00:00,,,,,,,,,,
2020-12-31 00:00:00,19.6,16.8,33.5,5.1,,,,,,
2021-01-01 00:00:00,19.4,16.8,22.8,0,,,,,,
2021-01-02 00:00:00,,,,,,,,,,
2021-01-03 00:00:00,,,,,,,,,,
2021-01-04 00:00:00,20.2,,29,,,,,,,
2021-01-05 00:00:00,19.1,12,28.3,,,,,,,
2021-01-06 00:00:00,18.8,15.9,28.2,25.9,,,,,,
2021-01-07 00:00:00,,,,,,,,,,
2021-01-08 00:00:00,,,,,,,,,,
2021-01-09 00:00:00,21.9,15.5,29.1,0,,,,,,
2021-01-10 00:00:00,,,,,,,,,,
2021-01-11 00:00:00,,,,,,,,,,
2021-01-12 00:00:00,,,,,,,,,,
2021-01-13 00:00:00,,,,,,,,,,
2021-01-14 00:00:00,,,,,,,,,,
2021-01-15 00:00:00,,,,,,,,,,
2021-01-16 00:00:00,,,,,,,,,,
2021-01-17 00:00:00,18.1,13.5,31.2,48,,,,,,
2021-01-18 00:00:00,,,,,,,,,,
2021-01-19 00:00:00,,,,,,,,,,
2021-01-20 00:00:00,,,,,,,,,,
2021-01-21 00:00:00,21.4,13.2,29,,,,,,,
2021-01-22 00:00:00,21.8,17.5,28.8,,,,,,,
2021-01-23 00:00:00,,,,,,,,,,
2021-01-24 00:00:00,22.3,16.4,29.2,,,,,,,
2021-01-25 00:00:00,23,17.3,29.6,,,,,,,
2021-01-26 00:00:00,22.2,15.5,29.7,0,,,,,,
2021-01-27 00:00:00,21.8,14,29.5,,,,,,,
2021-01-28 00:00:00,,,,,,,,,,
2021-01-29 00:00:00,,,,,,,,,,
2021-01-30 00:00:00,,,,,,,,,,
2021-01-31 00:00:00,20.7,18.7,33.6,0,,,,,,
2021-02-01 00:00:00,18.9,17,24.1,0.3,,,,,,
2021-02-02 00:00:00,18.4,15.8,22.4,4.1,,,,,,
2021-02-03 00:00:00,16.6,14.5,22.1,0,,,,,,
2021-02-04 00:00:00,,,,,,,,,,
2021-02-05 00:00:00,,,,,,,,,,
2021-02-06 00:00:00,22.3,18.6,27.5,,,,,,,
2021-02-07 00:00:00,,,,,,,,,,
2021-02-08 00:00:00,22.5,17.5,28.6,,,,,,,
2021-02-09 00:00:00,17.1,14.9,28.2,7.1,,,,,,
2021-02-10 00:00:00,15.2,,17.7,0,,,,,,
2021-02-11 00:00:00,,,,,,,,,,
2021-02-12 00:00:00,,,,,,,,,,
2021-02-13 00:00:00,,,,,,,,,,
2021-02-14 00:00:00,,,,,,,,,,
2021-02-15 00:00:00,22.2,,29.4,,,,,,,
2021-02-16 00:00:00,18.6,15.4,27.6,,,,,,,
2021-02-17 00:00:00,,,,,,,,,,
2021-02-18 00:00:00,,,,,,,,,,
2021-02-19 00:00:00,21.1,,28.5,,,,,,,
2021-02-20 00:00:00,,,,,,,,,,
2021-02-21 00:00:00,,,,,,,,,,
2021-02-22 00:00:00,,,,,,,,,,
2021-02-23 00:00:00,,,,,,,,,,
2021-02-24 00:00:00,23,19.7,29.3,,,,,,,
2021-02-25 00:00:00,21.7,,28.9,,,,,,,
2021-02-26 00:00:00,21.5,17.5,28,,,,,,,
2021-02-27 00:00:00,,,,,,,,,,
2021-02-28 00:00:00,20.2,15.4,29,16,,,,,,
2021-03-01 00:00:00,,,,,,,,,,
2021-03-02 00:00:00,20.2,17.4,28.2,5.1,,,,,,
2021-03-03 00:00:00,19.7,17.6,24.6,9.9,,,,,,
2021-03-04 00:00:00,,,,,,,,,,
2021-03-05 00:00:00,,,,,,,,,,
2021-03-06 00:00:00,,,,,,,,,,
2021-03-07 00:00:00,,,,,,,,,,
2021-03-08 00:00:00,,,,,,,,,,
2021-03-09 00:00:00,21.8,18,31.5,,,,,,,
2021-03-10 00:00:00,,,,,,,,,,
2021-03-11 00:00:00,,,,,,,,,,
2021-03-12 00:00:00,22.2,18,29.5,,,,,,,
2021-03-13 00:00:00,20.1,,27.5,,,,,,,
2021-03-14 00:00:00,,,,,,,,,,
2021-03-15 00:00:00,20.1,15.8,26.6,,,,,,,
2021-03-16 00:00:00,,,,,,,,,,
2021-03-17 00:00:00,18.2,14.2,29.3,26.9,,,,,,
2021-03-18 00:00:00,16.1,14.4,20.3,1,,,,,,
2021-03-19 00:00:00,15.7,,18.2,0,,,,,,
2021-03-20 00:00:00,,,,,,,,,,
2021-03-21 00:00:00,16.8,12.6,24.3,14,,,,,,
2021-03-22 00:00:00,16.1,13.7,21.7,0,,,,,,
2021-03-23 00:00:00,,,,,,,,,,
2021-03-24 00:00:00,,,,,,,,,,
2021-03-25 00:00:00,,,,,,,,,,
2021-03-26 00:00:00,20.3,,26.4,0,,,,,,
2021-03-27 00:00:00,14.6,12.6,26.9,13,,,,,,
2021-03-28 00:00:00,,,,,,,,,,
2021-03-29 00:00:00,,,,,,,,,,
2021-03-30 00:00:00,17.4,12.5,23.4,,,,,,,
2021-03-31 00:00:00,,,,,,,,,,
2021-04-01 00:00:00,17.2,15,21.8,0,,,,,,
2021-04-02 00:00:00,,,,,,,,,,
2021-04-03 00:00:00,,,,,,,,,,
2021-04-04 00:00:00,17.6,15.6,22.4,,,,,,,
2021-04-05 00:00:00,,,,,,,,,,
2021-04-06 00:00:00,21.2,15.8,27.2,,,,,,,
2021-04-07 00:00:00,20.7,,27.1,,,,,,,
2021-04-08 00:00:00,,,,,,,,,,
2021-04-09 00:00:00,,,,,,,,,,
2021-04-10 00:00:00,22.5,19.7,27.8,0,,,,,,
2021-04-11 00:00:00,15.8,11.4,30.2,7.9,,,,,,
2021-04-12 00:00:00,,,,,,,,,,
2021-04-13 00:00:00,,,,,,,,,,
2021-04-14 00:00:00,17.6,13.4,22.6,,,,,,,
2021-04-15 00:00:00,,,,,,,,,,
2021-04-16 00:00:00,,,,,,,,,,
2021-04-17 00:00:00,19.8,15.2,26.5,,,,,,,
2021-04-18 00:00:00,18.9,16,26,,,,,,,
2021-04-19 00:00:00,,,,,,,,,,
2021-04-20 00:00:00,18.7,14.5,24.1,,,,,,,
2021-04-21 00:00:00,,,,,,,,,,
2021-04-22 00:00:00,18.7,13.4,26.2,,,,,,,
2021-04-23 00:00:00,18.9,16,24.2,,,,,,,
2021-04-24 00:00:00,16.9,14.8,23.8,,,,,,,
2021-04-25 00:00:00,15.1,11.6,18.8,13,,,,,,
2021-04-26 00:00:00,14.6,12,19.2,0,,,,,,
2021-04-27 00:00:00,,,,,,,,,,
2021-04-28 00:00:00,,,,,,,,,,
2021-04-29 00:00:00,13.3,5.9,22.2,,,,,,,
2021-04-30 00:00:00,,,,,,,,,,
2021-05-01 00:00:00,,,,,,,,,,
2021-05-02 00:00:00,,,,,,,,,,
2021-05-03 00:00:00,16,7.9,26,,,,,,,
2021-05-04 00:00:00,16.1,10.9,26.3,,,,,,,
2021-05-05 00:00:00,7.6,,20,5.1,,,,,,
2021-05-06 00:00:00,,,,,,,,,,
2021-05-07 00:00:00,10.3,4.6,18.5,,,,,,,
2021-05-08 00:00:00,11.1,6.8,16.3,,,,,,,
2021-05-09 00:00:00,,,,,,,,,,
2021-05-10 00:00:00,13,10.8,15.8,,,,,,,
2021-05-11 00:00:00,11,9.8,15.4,2,,,,,,
2021-05-12 00:00:00,,,,,,,,,,
2021-05-13 00:00:00,10.4,7,15.1,0,,,,,,
2021-05-14 00:00:00,,,,,,,,,,
2021-05-15 00:00:00,12.3,4.5,21.1,,,,,,,
2021-05-16 00:00:00,,,,,,,,,,
2021-05-17 00:00:00,16,11.3,22.5,,,,,,,
2021-05-18 00:00:00,,,,,,,,,,
2021-05-19 00:00:00,,,,,,,,,,
2021-05-20 00:00:00,,,,,,,,,,
2021-05-21 00:00:00,15.1,6.7,26,,,,,,,
2021-05-22 00:00:00,11.9,9.5,26.5,,,,,,,
2021-05-23 00:00:00,,,,,,,,,,
2021-05-24 00:00:00,,,,,,,,,,
2021-05-25 00:00:00,,,,,,,,,,
2021-05-26 00:00:00,11.1,3.3,22.3,,,,,,,
2021-05-27 00:00:00,12.3,3.7,21.7,,,,,,,
2021-05-28 00:00:00,,,,,,,,,,
2021-05-29 00:00:00,,,,,,,,,,
2021-05-30 00:00:00,12.1,,17.6,,,,,,,
2021-05-31 00:00:00,,,,,,,,,,
2021-06-01 00:00:00,,,,,,,,,,
2021-06-02 00:00:00,13.1,1.7,25.2,,,,,,,
2021-06-03 00:00:00,,,,,,,,,,
2021-06-04 00:00:00,,,,,,,,,,
2021-06-05 00:00:00,14.8,5,25.4,,,,,,,
2021-06-06 00:00:00,15.1,10.6,24.2,,,,,,,
2021-06-07 00:00:00,13.3,9.8,19.5,,,,,,,
2021-06-08 00:00:00,,,,,,,,,,
2021-06-09 00:00:00,,,,,,,,,,
2021-06-10 00:00:00,,,,,,,,,,
2021-06-11 00:00:00,13.1,3.9,23.8,,,,,,,
2021-06-12 00:00:00,,,,,,,,,,
2021-06-13 00:00:00,,,,,,,,,,
2021-06-14 00:00:00,12.4,2.8,23,,,,,,,
2021-06-15 00:00:00,12.2,4.3,22.3,0.5,,,,,,
2021-06-16 00:00:00,7.7,,11.6,0.5,,,,,,
2021-06-17 00:00:00,4.4,2.4,14.7,0,,,,,,
2021-06-18 00:00:00,4.2,2.5,7.4,0,,,,,,
2021-06-19 00:00:00,,,,,,,,,,
2021-06-20 00:00:00,5.3,1.5,11.5,,,,,,,
2021-06-21 00:00:00,4.4,,11.7,,,,,,,
2021-06-22 00:00:00,,,,,,,,,,
2021-06-23 00:00:00,,,,,,,,,,
2021-06-24 00:00:00,13.9,,30.2,,,,,,,
2021-06-25 00:00:00,8.3,-2.4,20.4,,,,,,,
2021-06-26 00:00:00,8.3,-0.5,18.6,,,,,,,
2021-06-27 00:00:00,5,1.8,16.8,1,,,,,,
2021-06-28 00:00:00,,,,,,,,,,
2021-06-29 00:00:00,,,,,,,,,,
2021-06-30 00:00:00,5.8,-4.6,18.2,,,,,,,
2021-07-01 00:00:00,,,,,,,,,,
2021-07-02 00:00:00,,,,,,,,,,
2021-07-03 00:00:00,8.6,-1,21.2,,,,,,,
2021-07-04 00:00:00,,,,,,,,,,
2021-07-05 00:00:00,,,,,,,,,,
2021-07-06 00:00:00,,,,,,,,,,
2021-07-07 00:00:00,,,,,,,,,,
2021-07-08 00:00:00,12.7,3.6,23.5,,,,,,,
2021-07-09 00:00:00,,,,,,,,,,
2021-07-10 00:00:00,14.3,4.2,26.4,,,,,,,
2021-07-11 00:00:00,15.4,8.6,25.6,,,,,,,
2021-07-12 00:00:00,,,,,,,,,,
2021-07-13 00:00:00,17.4,7.4,27.5,,,,,,,
2021-07-14 00:00:00,15.1,11.6,25.8,,,,,,,
2021-07-15 00:00:00,12.8,4,19.8,,,,,,,
2021-07-16 00:00:00,12.6,4.8,20,,,,,,,
2021-07-17 00:00:00,9.2,1.6,20.3,,,,,,,
2021-07-18 00:00:00,6.6,-2.4,17,,,,,,,
2021-07-19 00:00:00,5.9,,15.4,,,,,,,
2021-07-20 00:00:00,,,,,,,,,,
2021-07-21 00:00:00,,,,,,,,,,
2021-07-22 00:00:00,11.3,0.6,24.6,,,,,,,
2021-07-23 00:00:00,,,,,,,,,,
2021-07-24 00:00:00,,,,,,,,,,
2021-07-25 00:00:00,,,,,,,,,,
2021-07-26 00:00:00,,,,,,,,,,
2021-07-27 00:00:00,8.3,5.2,20,0.3,,,,,,
2021-07-28 00:00:00,7,,9,0,,,,,,
2021-07-29 00:00:00,,,,,,,,,,
2021-07-30 00:00:00,,,,,,,,,,
2021-07-31 00:00:00,,,,,,,,,,
2021-08-01 00:00:00,9.3,,19.7,,,,,,,
2021-08-02 00:00:00,,,,,,,,,,
2021-08-03 00:00:00,,,,,,,,,,
2021-08-04 00:00:00,13.3,4.2,23,,,,,,,
2021-08-05 00:00:00,12.6,2.2,23.2,,,,,,,
2021-08-06 00:00:00,,,,,,,,,,
2021-08-07 00:00:00,,,,,,,,,,
2021-08-08 00:00:00,15.9,5.8,28.2,,,,,,,
2021-08-09 00:00:00,11.8,8.4,27.5,,,,,,,
2021-08-10 00:00:00,,,,,,,,,,
2021-08-11 00:00:00,10.1,5.3,16.4,,,,,,,
2021-08-12 00:00:00,10,2.9,16.4,,,,,,,
2021-08-13 00:00:00,8.1,-0.9,17,,,,,,,
2021-08-14 00:00:00,,,,,,,,,,
2021-08-15 00:00:00,,,,,,,,,,
2021-08-16 00:00:00,,,,,,,,,,
2021-08-17 00:00:00,,,,,,,,,,
2021-08-18 00:00:00,18.8,5.4,33.5,,,,,,,
2021-08-19 00:00:00,,,,,,,,,,
2021-08-20 00:00:00,,,,,,,,,,
2021-08-21 00:00:00,16.4,11.7,27.2,,,,,,,
2021-08-22 00:00:00,,,,,,,,,,
2021-08-23 00:00:00,,,,,,,,,,
2021-08-24 00:00:00,13.1,8.5,23.5,,,,,,,
2021-08-25 00:00:00,10.3,2.2,18,,,,,,,
2021-08-26 00:00:00,,,,,,,,,,
2021-08-27 00:00:00,,,,,,,,,,
2021-08-28 00:00:00,,,,,,,,,,
2021-08-29 00:00:00,14.8,4.5,25.5,,,,,,,
2021-08-30 00:00:00,,,,,,,,,,
2021-08-31 00:00:00,,,,,,,,,,
2021-09-01 00:00:00,20.9,10.8,31,,,,,,,
2021-09-02 00:00:00,21.2,13.8,30.5,,,,,,,
2021-09-03 00:00:00,19.3,15.4,28.5,0,,,,,,
2021-09-04 00:00:00,,,,,,,,,,
2021-09-05 00:00:00,18.9,14.4,31.2,,,,,,,
2021-09-06 00:00:00,,,,,,,,,,
2021-09-07 00:00:00,19.7,13.4,27.5,,,,,,,
2021-09-08 00:00:00,12.6,10.5,26,,,,,,,
2021-09-09 00:00:00,12.4,3,25.3,,,,,,,
2021-09-10 00:00:00,,,,,,,,,,
2021-09-11 00:00:00,,,,,,,,,,
2021-09-12 00:00:00,,,,,,,,,,
2021-09-13 00:00:00,18.8,8.4,31.2,,,,,,,
2021-09-14 00:00:00,,,,,,,,,,
2021-09-15 00:00:00,,,,,,,,,,
2021-09-16 00:00:00,,,,,,,,,,
2021-09-17 00:00:00,,,,,,,,,,
2021-09-18 00:00:00,,,,,,,,,,
2021-09-19 00:00:00,,,,,,,,,,
2021-09-20 00:00:00,18.5,13.9,31.2,,,,,,,
2021-09-21 00:00:00,13.1,10.5,22.1,5.1,,,,,,
2021-09-22 00:00:00,,,,,,,,,,
2021-09-23 00:00:00,,,,,,,,,,
2021-09-24 00:00:00,15.7,4.5,26.3,,,,,,,
2021-09-25 00:00:00,,,,,,,,,,
2021-09-26 00:00:00,,,,,,,,,,
2021-09-27 00:00:00,21.6,10.3,32.3,,,,,,,
2021-09-28 00:00:00,22.4,14.3,33.2,,,,,,,
2021-09-29 00:00:00,20.1,15.2,29.5,,,,,,,
2021-09-30 00:00:00,,,,,,,,,,
2021-10-01 00:00:00,19.8,14.5,33.4,,,,,,,
2021-10-02 00:00:00,,,,,,,,,,
2021-10-03 00:00:00,15.5,,30.2,,,,,,,
2021-10-04 00:00:00,,,,,,,,,,
2021-10-05 00:00:00,,,,,,,,,,
2021-10-06 00:00:00,17.4,9.4,25.4,,,,,,,
2021-10-07 00:00:00,16.3,12.7,24.8,,,,,,,
2021-10-08 00:00:00,,,,,,,,,,
2021-10-09 00:00:00,18.9,13.7,27.4,,,,,,,
2021-10-10 00:00:00,,,,,,,,,,
2021-10-11 00:00:00,21.2,16.4,26.8,,,,,,,
2021-10-12 00:00:00,,,,,,,,,,
2021-10-13 00:00:00,,,,,,,,,,
2021-10-14 00:00:00,23.2,12.6,35.2,0.5,,,,,,
2021-10-15 00:00:00,14.6,,30.9,0,,,,,,
2021-10-16 00:00:00,,,,,,,,,,
2021-10-17 00:00:00,,,,,,,,,,
2021-10-18 00:00:00,17.2,,24.5,,,,,,,
2021-10-19 00:00:00,,,,,,,,,,
2021-10-20 00:00:00,,,,,,,,,,
2021-10-21 00:00:00,,,,,,,,,,
2021-10-22 00:00:00,,,,,,,,,,
2021-10-23 00:00:00,20.6,10,31.5,,,,,,,
2021-10-24 00:00:00,19.8,13.9,29,,,,,,,
2021-10-25 00:00:00,,,,,,,,,,
2021-10-26 00:00:00,,,,,,,,,,
2021-10-27 00:00:00,22.2,10.9,31.6,,,,,,,
2021-10-28 00:00:00,22.4,12.1,32,,,,,,,
2021-10-29 00:00:00,,,,,,,,,,
2021-10-30 00:00:00,,,,,,,,,,
2021-10-31 00:00:00,21.4,15,33.1,17,,,,,,
2021-11-01 00:00:00,21.6,14.8,30.2,0,,,,,,
2021-11-02 00:00:00,18.6,,26.8,4.1,,,,,,
2021-11-03 00:00:00,,,,,,,,,,
2021-11-04 00:00:00,,,,,,,,,,
2021-11-05 00:00:00,16.8,,32,,,,,,,
2021-11-06 00:00:00,,,,,,,,,,
2021-11-07 00:00:00,,,,,,,,,,
2021-11-08 00:00:00,,,,,,,,,,
2021-11-09 00:00:00,21.7,16.7,27.4,,,,,,,
2021-11-10 00:00:00,18.1,16,27.7,,,,,,,
2021-11-11 00:00:00,,,,,,,,,,
2021-11-12 00:00:00,,,,,,,,,,
2021-11-13 00:00:00,21.8,13.6,29,,,,,,,
2021-11-14 00:00:00,19.3,,29.5,,,,,,,
2021-11-15 00:00:00,,,,,,,,,,
2021-11-16 00:00:00,20.8,,30.6,,,,,,,
2021-11-17 00:00:00,12.9,,28.6,,,,,,,
2021-11-18 00:00:00,,,,,,,,,,
2021-11-19 00:00:00,,,,,,,,,,
2021-11-20 00:00:00,,,,,,,,,,
2021-11-21 00:00:00,,,,,,,,,,
2021-11-22 00:00:00,,,,,,,,,,
2021-11-23 00:00:00,21.9,,34.3,,,,,,,
2021-11-24 00:00:00,19.4,15.5,26,,,,,,,
2021-11-25 00:00:00,,,,,,,,,,
2021-11-26 00:00:00,23.4,16.2,31.5,,,,,,,
2021-11-27 00:00:00,21.8,14,29.9,,,,,,,
2021-11-28 00:00:00,20.7,,28.6,,,,,,,
2021-11-29 00:00:00,,,,,,,,,,
2021-11-30 00:00:00,,,,,,,,,,
2021-12-01 00:00:00,,,,,,,,,,
2021-12-02 00:00:00,24.9,18.7,30.6,,,,,,,
2021-12-03 00:00:00,,,,,,,,,,
2021-12-04 00:00:00,22.9,,32.2,,,,,,,
2021-12-05 00:00:00,18.6,,25.3,3.3,,,,,,
2021-12-06 00:00:00,,,,,,,,,,
2021-12-07 00:00:00,,,,,,,,,,
2021-12-08 00:00:00,,,,,,,,,,
2021-12-09 00:00:00,21.8,18.3,27,0.5,,,,,,
2021-12-10 00:00:00,20.8,18.7,26.6,0,,,,,,
2021-12-11 00:00:00,,,,,,,,,,
2021-12-12 00:00:00,,,,,,,,,,
2021-12-13 00:00:00,20.8,,33.5,,,,,,,
2021-12-14 00:00:00,,,,,,,,,,
2021-12-15 00:00:00,20.1,,25,,,,,,,
2021-12-16 00:00:00,18.9,17,23.8,14,,,,,,
2021-12-17 00:00:00,,,,,,,,,,
2021-12-18 00:00:00,,,,,,,,,,
2021-12-19 00:00:00,,,,,,,,,,
2021-12-20 00:00:00,24.7,,32.5,,,,,,,
2021-12-21 00:00:00,,,,,,,,,,
2021-12-22 00:00:00,21.3,,32.8,,,,,,,
2021-12-23 00:00:00,18.9,,28.6,,,,,,,
2021-12-24 00:00:00,,,,,,,,,,
2021-12-25 00:00:00,,,,,,,,,,
2021-12-26 00:00:00,,,,,,,,,,
2021-12-27 00:00:00,24.2,18.8,31.5,,,,,,,
2021-12-28 00:00:00,22.2,18,31.4,0,,,,,,
2021-12-29 00:00:00,,,,,,,,,,
2021-12-30 00:00:00,,,,,,,,,,
2021-12-31 00:00:00,26.9,,35,,,,,,,
2022-01-01 00:00:00,,,,,,,,,,
2022-01-02 00:00:00,26.6,,35,,,,,,,
2022-01-03 00:00:00,,,,,,,,,,
2022-01-04 00:00:00,21.8,16.4,34.5,29,,,,,,
2022-01-05 00:00:00,21.2,16.7,28.4,0,,,,,,
2022-01-06 00:00:00,20.6,17.9,28.2,,,,,,,
2022-01-07 00:00:00,,,,,,,,,,
2022-01-08 00:00:00,21.7,,30.4,3,,,,,,
2022-01-09 00:00:00,,,,,,,,,,
2022-01-10 00:00:00,,,,,,,,,,
2022-01-11 00:00:00,,,,,,,,,,
2022-01-12 00:00:00,,,,,,,,,,
2022-01-13 00:00:00,,,,,,,,,,
2022-01-14 00:00:00,,,,,,,,,,
2022-01-15 00:00:00,24.1,15.8,33.5,,,,,,,
2022-01-16 00:00:00,,,,,,,,,,
2022-01-17 00:00:00,25.4,,35.3,,,,,,,
2022-01-18 00:00:00,22.8,,35.5,,,,,,,
2022-01-19 00:00:00,21.3,18,27,43.9,,,,,,
2022-01-20 00:00:00,,,,,,,,,,
2022-01-21 00:00:00,,,,,,,,,,
2022-01-22 00:00:00,,,,,,,,,,
2022-01-23 00:00:00,22.1,,32.5,,,,,,,
2022-01-24 00:00:00,20.8,17.2,30.2,,,,,,,
2022-01-25 00:00:00,,,,,,,,,,
2022-01-26 00:00:00,,,,,,,,,,
2022-01-27 00:00:00,19.3,,30.6,58.9,,,,,,
2022-01-28 00:00:00,,,,,,,,,,
2022-01-29 00:00:00,20.9,15.8,25.3,,,,,,,
2022-01-30 00:00:00,,,,,,,,,,
2022-01-31 00:00:00,,,,,,,,,,
2022-02-01 00:00:00,20.8,,28.8,0,,,,,,
2022-02-02 00:00:00,,,,,,,,,,
2022-02-03 00:00:00,22,,29.6,,,,,,,
2022-02-04 00:00:00,,,,,,,,,,
2022-02-05 00:00:00,19.8,15.9,29,15.5,,,,,,
2022-02-06 00:00:00,16.1,,26,,,,,,,
2022-02-07 00:00:00,,,,,,,,,,
2022-02-08 00:00:00,,,,,,,,,,
2022-02-09 00:00:00,,,,,,,,,,
2022-02-10 00:00:00,,,,,,,,,,
2022-02-11 00:00:00,,,,,,,,,,
2022-02-12 00:00:00,16.3,,29.2,,,,,,,
2022-02-13 00:00:00,,,,,,,,,,
2022-02-14 00:00:00,,,,,,,,,,
2022-02-15 00:00:00,,,,,,,,,,
2022-02-16 00:00:00,,,,,,,,,,
2022-02-17 00:00:00,20.9,,31.4,,,,,,,
2022-02-18 00:00:00,,,,,,,,,,
2022-02-19 00:00:00,,,,,,,,,,
2022-02-20 00:00:00,21.8,18,28.2,,,,,,,
2022-02-21 00:00:00,21.5,,30.8,0.5,,,,,,
2022-02-22 00:00:00,19.1,,26.9,0,,,,,,
2022-02-23 00:00:00,19.6,16.7,22.6,,,,,,,
2022-02-24 00:00:00,,,,,,,,,,
2022-02-25 00:00:00,23.3,18.9,30.6,4.1,,,,,,
2022-02-26 00:00:00,,,,,,,,,,
2022-02-27 00:00:00,,,,,,,,,,
2022-02-28 00:00:00,24.1,,33.2,,,,,,,
2022-03-01 00:00:00,,,,,,,,,,
2022-03-02 00:00:00,,,,,,,,,,
2022-03-03 00:00:00,22,17.7,28.6,,,,,,,
2022-03-04 00:00:00,,,,,,,,,,
2022-03-05 00:00:00,,,,,,,,,,
2022-03-06 00:00:00,24.9,,31.4,,,,,,,
2022-03-07 00:00:00,,,,,,,,,,
2022-03-08 00:00:00,20.6,,29.4,0,,,,,,
2022-03-09 00:00:00,21.1,,25,0.8,,,,,,
2022-03-10 00:00:00,18.7,,25,0,,,,,,
2022-03-11 00:00:00,16.4,,19.2,30,,,,,,
2022-03-12 00:00:00,,,,,,,,,,
2022-03-13 00:00:00,,,,,,,,,,
2022-03-14 00:00:00,,,,,,,,,,
2022-03-15 00:00:00,,,,,,,,,,
2022-03-16 00:00:00,18.8,11.5,28.6,,,,,,,
2022-03-17 00:00:00,,,,,,,,,,
2022-03-18 00:00:00,19.6,,28,,,,,,,
2022-03-19 00:00:00,15.7,13,27.1,2,,,,,,
2022-03-20 00:00:00,15.4,13.5,19,0.3,,,,,,
2022-03-21 00:00:00,,,,,,,,,,
2022-03-22 00:00:00,,,,,,,,,,
2022-03-23 00:00:00,,,,,,,,,,
2022-03-24 00:00:00,18.2,,28,,,,,,,
2022-03-25 00:00:00,,,,,,,,,,
2022-03-26 00:00:00,,,,,,,,,,
2022-03-27 00:00:00,,,,,,,,,,
2022-03-28 00:00:00,,,,,,,,,,
2022-03-29 00:00:00,,,,,,,,,,
2022-03-30 00:00:00,,,,,,,,,,
2022-03-31 00:00:00,,,,,,,,,,
2022-04-01 00:00:00,,,,,,,,,,
2022-04-02 00:00:00,,,,,,,,,,
2022-04-03 00:00:00,,,,,,,,,,
2022-04-04 00:00:00,16.6,7.5,27.5,,,,,,,
2022-04-05 00:00:00,18.7,,24.2,,,,,,,
2022-04-06 00:00:00,,,,,,,,,,
2022-04-07 00:00:00,,,,,,,,,,
2022-04-08 00:00:00,,,,,,,,,,
2022-04-09 00:00:00,,,,,,,,,,
2022-04-10 00:00:00,,,,,,,,,,
2022-04-11 00:00:00,20.6,13,28.2,,,,,,,
2022-04-12 00:00:00,19.7,15.6,27.5,,,,,,,
2022-04-13 00:00:00,15.9,,24.5,1,,,,,,
2022-04-14 00:00:00,,,,,,,,,,
2022-04-15 00:00:00,,,,,,,,,,
2022-04-16 00:00:00,,,,,,,,,,
2022-04-17 00:00:00,,,,,,,,,,
2022-04-18 00:00:00,,,,,,,,,,
2022-04-19 00:00:00,15.1,,22.5,,,,,,,
2022-04-20 00:00:00,,,,,,,,,,
2022-04-21 00:00:00,,,,,,,,,,
2022-04-22 00:00:00,,,,,,,,,,
2022-04-23 00:00:00,17.7,,30.5,,,,,,,
2022-04-24 00:00:00,,,,,,,,,,
2022-04-25 00:00:00,,,,,,,,,,
2022-04-26 00:00:00,17.6,,30.2,,,,,,,
2022-04-27 00:00:00,,,,,,,,,,
2022-04-28 00:00:00,17.8,,26,,,,,,,
2022-04-29 00:00:00,14.6,11.9,26.1,0,,,,,,
2022-04-30 00:00:00,14.3,12,17.6,,,,,,,
2022-05-01 00:00:00,,,,,,,,,,
2022-05-02 00:00:00,13.1,11.4,16.8,,,,,,,
2022-05-03 00:00:00,,,,,,,,,,
2022-05-04 00:00:00,,,,,,,,,,
2022-05-05 00:00:00,12.3,2.7,23.4,,,,,,,
2022-05-06 00:00:00,,,,,,,,,,
2022-05-07 00:00:00,13.4,7.4,21.9,,,,,,,
2022-05-08 00:00:00,14.9,11.6,20,,,,,,,
2022-05-09 00:00:00,,,,,,,,,,
2022-05-10 00:00:00,,,,,,,,,,
2022-05-11 00:00:00,15.1,,23.6,,,,,,,
2022-05-12 00:00:00,13.1,5.7,20.3,,,,,,,
2022-05-13 00:00:00,,,,,,,,,,
2022-05-14 00:00:00,15.1,7.8,22.6,,,,,,,
2022-05-15 00:00:00,13,,18.3,,,,,,,
2022-05-16 00:00:00,9.4,,14,0.3,,,,,,
2022-05-17 00:00:00,,,,,,,,,,
2022-05-18 00:00:00,,,,,,,,,,
2022-05-19 00:00:00,,,,,,,,,,
2022-05-20 00:00:00,,,,,,,,,,
2022-05-21 00:00:00,11.1,3.4,22.6,,,,,,,
2022-05-22 00:00:00,,,,,,,,,,
2022-05-23 00:00:00,,,,,,,,,,
2022-05-24 00:00:00,,,,,,,,,,
2022-05-25 00:00:00,16.1,5.8,26.6,,,,,,,
2022-05-26 00:00:00,15.1,9.2,25,,,,,,,
2022-05-27 00:00:00,,,,,,,,,,
2022-05-28 00:00:00,12.7,8.2,21.3,,,,,,,
2022-05-29 00:00:00,8.6,,16.2,,,,,,,
2022-05-30 00:00:00,9.3,,12,,,,,,,
2022-05-31 00:00:00,7.7,6.8,10.6,1,,,,,,
2022-06-01 00:00:00,,,,,,,,,,
2022-06-02 00:00:00,8.2,6.3,12.2,,,,,,,
2022-06-03 00:00:00,,,,,,,,,,
2022-06-04 00:00:00,5.2,-2,15.2,,,,,,,
2022-06-05 00:00:00,,,,,,,,,,
2022-06-06 00:00:00,,,,,,,,,,
2022-06-07 00:00:00,11,2,22.5,,,,,,,
2022-06-08 00:00:00,11.8,,22.2,,,,,,,
2022-06-09 00:00:00,,,,,,,,,,
2022-06-10 00:00:00,13.1,8.1,24.3,0.5,,,,,,
2022-06-11 00:00:00,10.2,,14.4,0,,,,,,
2022-06-12 00:00:00,,,,,,,,,,
2022-06-13 00:00:00,,,,,,,,,,
2022-06-14 00:00:00,,,,,,,,,,
2022-06-15 00:00:00,10.8,1,22.6,,,,,,,
2022-06-16 00:00:00,9.2,0.4,22.5,,,,,,,
2022-06-17 00:00:00,,,,,,,,,,
2022-06-18 00:00:00,6.9,,19.9,,,,,,,
2022-06-19 00:00:00,,,,,,,,,,
2022-06-20 00:00:00,8.3,-5,24.2,,,,,,,
2022-06-21 00:00:00,,,,,,,,,,
2022-06-22 00:00:00,10.1,1.8,22.5,,,,,,,
2022-06-23 00:00:00,,,,,,,,,,
2022-06-24 00:00:00,,,,,,,,,,
2022-06-25 00:00:00,5.8,,13.2,0,,,,,,
2022-06-26 00:00:00,,,,,,,,,,
2022-06-27 00:00:00,,,,,,,,,,
2022-06-28 00:00:00,,,,,,,,,,
2022-06-29 00:00:00,,,,,,,,,,
2022-06-30 00:00:00,10.3,,23.2,,,,,,,
2022-07-01 00:00:00,,,,,,,,,,
2022-07-02 00:00:00,11.4,2.4,25.8,,,,,,,
2022-07-03 00:00:00,12.4,,18.4,,,,,,,
2022-07-04 00:00:00,,,,,,,,,,
2022-07-05 00:00:00,10.2,2.4,23.4,,,,,,,
2022-07-06 00:00:00,,,,,,,,,,
2022-07-07 00:00:00,10.3,,21.5,,,,,,,
2022-07-08 00:00:00,,,,,,,,,,
2022-07-09 00:00:00,,,,,,,,,,
2022-07-10 00:00:00,,,,,,,,,,
2022-07-11 00:00:00,,,,,,,,,,
2022-07-12 00:00:00,7.3,-2.4,17.2,,,,,,,
2022-07-13 00:00:00,,,,,,,,,,
2022-07-14 00:00:00,,,,,,,,,,
2022-07-15 00:00:00,19.3,,26.6,,,,,,,
2022-07-16 00:00:00,7.7,,20,0,,,,,,
2022-07-17 00:00:00,,,,,,,,,,
2022-07-18 00:00:00,,,,,,,,,,
2022-07-19 00:00:00,8.8,-0.8,24.7,,,,,,,
2022-07-20 00:00:00,,,,,,,,,,
2022-07-21 00:00:00,,,,,,,,,,
2022-07-22 00:00:00,14.4,,28,,,,,,,
2022-07-23 00:00:00,14.6,5.9,25.2,,,,,,,
2022-07-24 00:00:00,,,,,,,,,,
2022-07-25 00:00:00,17.6,8.6,27.4,,,,,,,
2022-07-26 00:00:00,,,,,,,,,,
2022-07-27 00:00:00,,,,,,,,,,
2022-07-28 00:00:00,15.9,,29.6,,,,,,,
2022-07-29 00:00:00,,,,,,,,,,
2022-07-30 00:00:00,,,,,,,,,,
2022-07-31 00:00:00,,,,,,,,,,
2022-08-01 00:00:00,13.1,3.7,24.5,,,,,,,
2022-08-02 00:00:00,,,,,,,,,,
2022-08-03 00:00:00,15.4,8.3,26,,,,,,,
2022-08-04 00:00:00,,,,,,,,,,
2022-08-05 00:00:00,14.7,,20.8,,,,,,,
2022-08-06 00:00:00,,,,,,,,,,
2022-08-07 00:00:00,12.3,3.2,22.6,,,,,,,
2022-08-08 00:00:00,10.7,5.4,20.6,,,,,,,
2022-08-09 00:00:00,,,,,,,,,,
2022-08-10 00:00:00,,,,,,,,,,
2022-08-11 00:00:00,,,,,,,,,,
2022-08-12 00:00:00,,,,,,,,,,
2022-08-13 00:00:00,,,,,,,,,,
2022-08-14 00:00:00,,,,,,,,,,
2022-08-15 00:00:00,,,,,,,,,,
2022-08-16 00:00:00,,,,,,,,,,
2022-08-17 00:00:00,,,,,,,,,,
2022-08-18 00:00:00,,,,,,,,,,
2022-08-19 00:00:00,,,,,,,,,,
2022-08-20 00:00:00,,,,,,,,,,
2022-08-21 00:00:00,,,,,,,,,,
2022-08-22 00:00:00,11,-0.9,21.5,,,,,,,
2022-08-23 00:00:00,,,,,,,,,,
2022-08-24 00:00:00,,,,,,,,,,
2022-08-25 00:00:00,,,,,,,,,,
2022-08-26 00:00:00,19.4,8.7,30.5,,,,,,,
2022-08-27 00:00:00,,,,,,,,,,
2022-08-28 00:00:00,,,,,,,,,,
2022-08-29 00:00:00,,,,,,,,,,
2022-08-30 00:00:00,,,,,,,,,,
2022-08-31 00:00:00,,,,,,,,,,
2022-09-01 00:00:00,,,,,,,,,,
2022-09-02 00:00:00,13.9,11.3,26.8,,,,,,,
2022-09-03 00:00:00,,,,,,,,,,
2022-09-04 00:00:00,,,,,,,,,,
2022-09-05 00:00:00,,,,,,,,,,
2022-09-06 00:00:00,,,,,,,,,,
2022-09-07 00:00:00,,,,,,,,,,
2022-09-08 00:00:00,,,,,,,,,,
2022-09-09 00:00:00,,,,,,,,,,
2022-09-10 00:00:00,,,,,,,,,,
2022-09-11 00:00:00,,,,,,,,,,
2022-09-12 00:00:00,,,,,,,,,,
2022-09-13 00:00:00,13.8,2.9,24.4,,,,,,,
2022-09-14 00:00:00,15.4,,23.2,,,,,,,
2022-09-15 00:00:00,,,,,,,,,,
2022-09-16 00:00:00,,,,,,,,,,
2022-09-17 00:00:00,,,,,,,,,,
2022-09-18 00:00:00,,,,,,,,,,
2022-09-19 00:00:00,17.9,9.8,34,,,,,,,
2022-09-20 00:00:00,14.7,12.4,24.4,,,,,,,
2022-09-21 00:00:00,,,,,,,,,,
2022-09-22 00:00:00,,,,,,,,,,
2022-09-23 00:00:00,14.7,5.4,21.6,0,,,,,,
2022-09-24 00:00:00,,,,,,,,,,
2022-09-25 00:00:00,,,,,,,,,,
2022-09-26 00:00:00,16.8,,28,,,,,,,
2022-09-27 00:00:00,17.1,8.3,26,,,,,,,
2022-09-28 00:00:00,12,8.3,24.4,2,,,,,,
2022-09-29 00:00:00,,,,,,,,,,
2022-09-30 00:00:00,,,,,,,,,,
2022-10-01 00:00:00,,,,,,,,,,
2022-10-02 00:00:00,16.6,7.5,26.5,,,,,,,
2022-10-03 00:00:00,,,,,,,,,,
2022-10-04 00:00:00,,,,,,,,,,
2022-10-05 00:00:00,,,,,,,,,,
2022-10-06 00:00:00,19,11,34.5,,,,,,,
2022-10-07 00:00:00,17.4,6.7,26.6,,,,,,,
2022-10-08 00:00:00,,,,,,,,,,
2022-10-09 00:00:00,,,,,,,,,,
2022-10-10 00:00:00,,,,,,,,,,
2022-10-11 00:00:00,,,,,,,,,,
2022-10-12 00:00:00,,,,,,,,,,
2022-10-13 00:00:00,,,,,,,,,,
2022-10-14 00:00:00,,,,,,,,,,
2022-10-15 00:00:00,18.3,,22.6,,,,,,,
2022-10-16 00:00:00,16.4,9.8,22.5,,,,,,,
2022-10-17 00:00:00,,,,,,,,,,
2022-10-18 00:00:00,15.2,,21.6,0,,,,,,
2022-10-19 00:00:00,,,,,,,,,,
2022-10-20 00:00:00,18.9,14.8,26.4,0,,,,,,
2022-10-21 00:00:00,,,,,,,,,,
2022-10-22 00:00:00,19.5,9,29,,,,,,,
2022-10-23 00:00:00,20.7,,29.1,,,,,,,
2022-10-24 00:00:00,,,,,,,,,,
2022-10-25 00:00:00,,,,,,,,,,
2022-10-26 00:00:00,23.6,13.5,32.4,,,,,,,
2022-10-27 00:00:00,22.4,12.6,31.4,,,,,,,
2022-10-28 00:00:00,,,,,,,,,,
2022-10-29 00:00:00,,,,,,,,,,
2022-10-30 00:00:00,23.7,12.9,37.7,,,,,,,
2022-10-31 00:00:00,,,,,,,,,,
2022-11-01 00:00:00,,,,,,,,,,
2022-11-02 00:00:00,,,,,,,,,,
2022-11-03 00:00:00,,,,,,,,,,
2022-11-04 00:00:00,,,,,,,,,,
2022-11-05 00:00:00,,,,,,,,,,
2022-11-06 00:00:00,,,,,,,,,,
2022-11-07 00:00:00,,,,,,,,,,
2022-11-08 00:00:00,21.8,12.1,29.5,,,,,,,
2022-11-09 00:00:00,21.7,13.1,29.5,,,,,,,
2022-11-10 00:00:00,,,,,,,,,,
2022-11-11 00:00:00,24.2,,32.6,,,,,,,
2022-11-12 00:00:00,,,,,,,,,,
2022-11-13 00:00:00,21.1,14.9,34,,,,,,,
2022-11-14 00:00:00,19.7,,29.5,0,,,,,,
2022-11-15 00:00:00,,,,,,,,,,
2022-11-16 00:00:00,,,,,,,,,,
2022-11-17 00:00:00,,,,,,,,,,
2022-11-18 00:00:00,,,,,,,,,,
2022-11-19 00:00:00,,,,,,,,,,
2022-11-20 00:00:00,,,,,,,,,,
2022-11-21 00:00:00,18.1,,34.3,4.1,,,,,,
2022-11-22 00:00:00,,,,,,,,,,
2022-11-23 00:00:00,,,,,,,,,,
2022-11-24 00:00:00,,,,,,,,,,
2022-11-25 00:00:00,24.4,13.3,34.3,,,,,,,
2022-11-26 00:00:00,24.4,13.3,34.2,,,,,,,
2022-11-27 00:00:00,,,,,,,,,,
2022-11-28 00:00:00,25.1,15,34.6,,,,,,,
2022-11-29 00:00:00,23.8,16.1,33.4,0,,,,,,
2022-11-30 00:00:00,21.8,16.7,33,10.9,,,,,,
2022-12-01 00:00:00,18.1,,31.8,5.1,,,,,,
2022-12-02 00:00:00,,,,,,,,,,
2022-12-03 00:00:00,,,,,,,,,,
2022-12-04 00:00:00,,,,,,,,,,
2022-12-05 00:00:00,24.6,17.1,33,1,,,,,,
2022-12-06 00:00:00,,,,,,,,,,
2022-12-07 00:00:00,,,,,,,,,,
2022-12-08 00:00:00,,,,,,,,,,
2022-12-09 00:00:00,26.3,18,38.6,6.1,,,,,,
2022-12-10 00:00:00,23.8,19.2,36,0,,,,,,
2022-12-11 00:00:00,,,,,,,,,,
2022-12-12 00:00:00,,,,,,,,,,
2022-12-13 00:00:00,24.1,18,35.8,25.9,,,,,,
2022-12-14 00:00:00,,,,,,,,,,
2022-12-15 00:00:00,24.2,19.6,31.2,0,,,,,,
2022-12-16 00:00:00,20.7,16.4,29.5,4.1,,,,,,
2022-12-17 00:00:00,19.2,13.9,25.4,0,,,,,,
2022-12-18 00:00:00,,,,,,,,,,
2022-12-19 00:00:00,,,,,,,,,,
2022-12-20 00:00:00,,,,,,,,,,
2022-12-21 00:00:00,,,,,,,,,,
2022-12-22 00:00:00,,,,,,,,,,
2022-12-23 00:00:00,,,,,,,,,,
2022-12-24 00:00:00,19.7,15.5,34.2,38.1,,,,,,
2022-12-25 00:00:00,15.4,,24.6,9.9,,,,,,
2022-12-26 00:00:00,,,,,,,,,,
2022-12-27 00:00:00,,,,,,,,,,
2022-12-28 00:00:00,,,,,,,,,,
2022-12-29 00:00:00,19.9,16,29.7,6.1,,,,,,
2022-12-30 00:00:00,,,,,,,,,,
2022-12-31 00:00:00,,,,,,,,,,
2023-01-01 00:00:00,,,,,,,,,,
2023-01-02 00:00:00,20.2,,33.8,0.3,,,,,,
2023-01-03 00:00:00,,,,,,,,,,
2023-01-04 00:00:00,,,,,,,,,,
2023-01-05 00:00:00,,,,,,,,,,
2023-01-06 00:00:00,,,,,,,,,,
2023-01-07 00:00:00,23.5,,31.6,,,,,,,
2023-01-08 00:00:00,19.8,,30.1,0.5,,,,,,
2023-01-09 00:00:00,,,,,,,,,,
2023-01-10 00:00:00,,,,,,,,,,
2023-01-11 00:00:00,,,,,,,,,,
2023-01-12 00:00:00,24.7,,33.7,0,,,,,,
2023-01-13 00:00:00,19.1,13.3,32.5,8.9,,,,,,
2023-01-14 00:00:00,,,,,,,,,,
2023-01-15 00:00:00,,,,,,,,,,
2023-01-16 00:00:00,23.6,17,29.7,,,,,,,
2023-01-17 00:00:00,,,,,,,,,,
2023-01-18 00:00:00,,,,,,,,,,
2023-01-19 00:00:00,25,19,33,,,,,,,
2023-01-20 00:00:00,,,,,,,,,,
2023-01-21 00:00:00,26,,35.7,,,,,,,
2023-01-22 00:00:00,22.3,,35.5,2,,,,,,
2023-01-23 00:00:00,,,,,,,,,,
2023-01-24 00:00:00,,,,,,,,,,
2023-01-25 00:00:00,22.8,,31,,,,,,,
2023-01-26 00:00:00,22.6,,30.6,8.9,,,,,,
2023-01-27 00:00:00,,,,,,,,,,
2023-01-28 00:00:00,22,18.8,31.5,41.9,,,,,,
2023-01-29 00:00:00,,,,,,,,,,
2023-01-30 00:00:00,,,,,,,,,,
2023-01-31 00:00:00,,,,,,,,,,
2023-02-01 00:00:00,24.9,,31,0,,,,,,
2023-02-02 00:00:00,20.4,,30.6,,,,,,,
2023-02-03 00:00:00,,,,,,,,,,
2023-02-04 00:00:00,18.9,15.6,27.6,18,,,,,,
2023-02-05 00:00:00,,,,,,,,,,
2023-02-06 00:00:00,,,,,,,,,,
2023-02-07 00:00:00,,,,,,,,,,
2023-02-08 00:00:00,22.9,,31.4,,,,,,,
2023-02-09 00:00:00,,,,,,,,,,
2023-02-10 00:00:00,22.3,,32,11.9,,,,,,
2023-02-11 00:00:00,23.2,,30.4,0,,,,,,
2023-02-12 00:00:00,,,,,,,,,,
2023-02-13 00:00:00,,,,,,,,,,
2023-02-14 00:00:00,22.6,19,34.3,37.1,,,,,,
2023-02-15 00:00:00,22.4,,32,6.1,,,,,,
2023-02-16 00:00:00,21.4,,28.6,0,,,,,,
2023-02-17 00:00:00,13.9,,28.5,1,,,,,,
2023-02-18 00:00:00,,,,,,,,,,
2023-02-19 00:00:00,,,,,,,,,,
2023-02-20 00:00:00,,,,,,,,,,
2023-02-21 00:00:00,19.2,13.6,26,,,,,,,
2023-02-22 00:00:00,,,,,,,,,,
2023-02-23 00:00:00,21.9,13.9,28.8,0,,,,,,
2023-02-24 00:00:00,21.2,,27.3,31,,,,,,
2023-02-25 00:00:00,,,,,,,,,,
2023-02-26 00:00:00,21.9,,29.5,,,,,,,
2023-02-27 00:00:00,19.6,,26.5,,,,,,,
2023-02-28 00:00:00,,,,,,,,,,
2023-03-01 00:00:00,,,,,,,,,,
2023-03-02 00:00:00,22.3,,31.2,31,,,,,,
2023-03-03 00:00:00,22,15,29.5,4.1,,,,,,
2023-03-04 00:00:00,,,,,,,,,,
2023-03-05 00:00:00,21.9,,31,,,,,,,
2023-03-06 00:00:00,,,,,,,,,,
2023-03-07 00:00:00,22.9,,28.5,0.3,,,,,,
2023-03-08 00:00:00,,,,,,,,,,
2023-03-09 00:00:00,,,,,,,,,,
2023-03-10 00:00:00,,,,,,,,,,
2023-03-11 00:00:00,22.6,14.6,31,,,,,,,
2023-03-12 00:00:00,,,,,,,,,,
2023-03-13 00:00:00,,,,,,,,,,
2023-03-14 00:00:00,22.4,,31,2,,,,,,
2023-03-15 00:00:00,22.2,16.9,30.2,5.1,,,,,,
2023-03-16 00:00:00,21.4,14.6,29.8,0.3,,,,,,
2023-03-17 00:00:00,,,,,,,,,,
2023-03-18 00:00:00,22.5,15.2,30,15,,,,,,
2023-03-19 00:00:00,,,,,,,,,,
2023-03-20 00:00:00,,,,,,,,,,
2023-03-21 00:00:00,23.8,,30.4,,,,,,,
2023-03-22 00:00:00,23,17,29.6,,,,,,,
2023-03-23 00:00:00,22.7,,29.5,,,,,,,
2023-03-24 00:00:00,21.1,18.6,29,29,,,,,,
2023-03-25 00:00:00,21.2,,25.8,5.1,,,,,,
2023-03-26 00:00:00,19.6,,24.6,3,,,,,,
2023-03-27 00:00:00,18.9,,23.5,5.1,,,,,,
2023-03-28 00:00:00,,,,,,,,,,
2023-03-29 00:00:00,,,,,,,,,,
2023-03-30 00:00:00,24.7,19,31.7,,,,,,,
2023-03-31 00:00:00,23.1,19.8,29.4,,,,,,,
2023-04-01 00:00:00,18.8,16.9,28,6.1,,,,,,
2023-04-02 00:00:00,,,,,,,,,,
2023-04-03 00:00:00,,,,,,,,,,
2023-04-04 00:00:00,18.7,,24,,1,,,,,
2023-04-05 00:00:00,,,,,,,,,,
2023-04-06 00:00:00,18.7,,24.4,,,,,,,
2023-04-07 00:00:00,,,,,,,,,,
2023-04-08 00:00:00,,,,,,,,,,
2023-04-09 00:00:00,19.1,,25.5,,,,,,,
2023-04-10 00:00:00,19.1,14,25.7,,,,,,,
2023-04-11 00:00:00,18.8,13.8,26,,,,,,,
2023-04-12 00:00:00,,,,,,,,,,
2023-04-13 00:00:00,17.5,,27.4,0,,,,,,
2023-04-14 00:00:00,,,,,,,,,,
2023-04-15 00:00:00,15.2,12.3,18.8,0,,,,,,
2023-04-16 00:00:00,,,,,,,,,,
2023-04-17 00:00:00,15.8,,19.9,0,,,,,,
2023-04-18 00:00:00,,,,,,,,,,
2023-04-19 00:00:00,,,,,,,,,,
2023-04-20 00:00:00,16.5,11,24.7,,,,,,,
2023-04-21 00:00:00,,,,,,,,,,
2023-04-22 00:00:00,17.9,15,23.2,,,,,,,
2023-04-23 00:00:00,14.8,,21.7,9.9,,,,,,
2023-04-24 00:00:00,,,,,,,,,,
2023-04-25 00:00:00,,,,,,,,,,
2023-04-26 00:00:00,,,,,,,,,,
2023-04-27 00:00:00,15.9,10,25.2,,,,,,,
2023-04-28 00:00:00,,,,,,,,,,
2023-04-29 00:00:00,,,,,,,,,,
2023-04-30 00:00:00,,,,,,,,,,
2023-05-01 00:00:00,16.9,12.3,30.6,2,,,,,,
2023-05-02 00:00:00,10.8,8.9,17.2,0,,,,,,
2023-05-03 00:00:00,,,,,,,,,,
2023-05-04 00:00:00,11.5,9.5,16,,,,,,,
2023-05-05 00:00:00,,,,,,,,,,
2023-05-06 00:00:00,14.4,10.4,20.4,,,,,,,
2023-05-07 00:00:00,,,,,,,,,,
2023-05-08 00:00:00,13.3,4.8,23.2,,,,,,,
2023-05-09 00:00:00,14.6,7,22.7,,,,,,,
2023-05-10 00:00:00,,,,,,,,,,
2023-05-11 00:00:00,14.3,8.5,23.4,,,,,,,
2023-05-12 00:00:00,,,,,,,,,,
2023-05-13 00:00:00,,,,,,,,,,
2023-05-14 00:00:00,,,,,,,,,,
2023-05-15 00:00:00,16.7,10.2,25,,,,,,,
2023-05-16 00:00:00,,,,,,,,,,
2023-05-17 00:00:00,,,,,,,,,,
2023-05-18 00:00:00,18.6,13.5,25.8,,,,,,,
2023-05-19 00:00:00,18,,24.6,,,,,,,
2023-05-20 00:00:00,17,,24.6,,,,,,,
2023-05-21 00:00:00,,,,,,,,,,
2023-05-22 00:00:00,,,,,,,,,,
2023-05-23 00:00:00,16.8,,27.8,,,,,,,
2023-05-24 00:00:00,,,,,,,,,,
2023-05-25 00:00:00,17.6,9,26.8,,,,,,,
2023-05-26 00:00:00,,,,,,,,,,
2023-05-27 00:00:00,16.4,,26,,,,,,,
2023-05-28 00:00:00,11.2,6.5,21.5,1,,,,,,
2023-05-29 00:00:00,,,,,,,,,,
2023-05-30 00:00:00,,,,,,,,,,
2023-05-31 00:00:00,13.5,5.8,23.2,,,,,,,
2023-06-01 00:00:00,13.1,,22.2,,,,,,,
2023-06-02 00:00:00,,,,,,,,,,
2023-06-03 00:00:00,15.3,,25.3,,,,,,,
2023-06-04 00:00:00,17.5,12.6,24.6,,,,,,,
2023-06-05 00:00:00,,,,,,,,,,
2023-06-06 00:00:00,,,,,,,,,,
2023-06-07 00:00:00,,,,,,,,,,
2023-06-08 00:00:00,,,,,,,,,,
2023-06-09 00:00:00,,,,,,,,,,
2023-06-10 00:00:00,17.9,11,31.7,,,,,,,
2023-06-11 00:00:00,8.8,3.5,23.5,0,,,,,,
2023-06-12 00:00:00,6.6,0.7,9,,,,,,,
2023-06-13 00:00:00,,,,,,,,,,
2023-06-14 00:00:00,,,,,,,,,,
2023-06-15 00:00:00,6.4,-2.7,18.6,,,,,,,
2023-06-16 00:00:00,,,,,,,,,,
2023-06-17 00:00:00,7.9,-1.3,19.8,,,,,,,
2023-06-18 00:00:00,7.3,-1.4,17.6,,,,,,,
2023-06-19 00:00:00,,,,,,,,,,
2023-06-20 00:00:00,13.2,1,22.2,,,,,,,
2023-06-21 00:00:00,,,,,,,,,,
2023-06-22 00:00:00,,,,,,,,,,
2023-06-23 00:00:00,,,,,,,,,,
2023-06-24 00:00:00,,,,,,,,,,
2023-06-25 00:00:00,,,,,,,,,,
2023-06-26 00:00:00,,,,,,,,,,
2023-06-27 00:00:00,16.8,6.4,29,,,,,,,
2023-06-28 00:00:00,14.3,8.8,28.8,0,,,,,,
2023-06-29 00:00:00,,,,,,,,,,
2023-06-30 00:00:00,,,,,,,,,,
2023-07-01 00:00:00,,,,,,,,,,
2023-07-02 00:00:00,,,,,,,,,,
2023-07-03 00:00:00,,,,,,,,,,
2023-07-04 00:00:00,,,,,,,,,,
2023-07-05 00:00:00,15.5,5.6,26.5,,,,,,,
2023-07-06 00:00:00,14.6,6.4,26.4,,,,,,,
2023-07-07 00:00:00,15.9,7.2,23,,,,,,,
2023-07-08 00:00:00,,,,,,,,,,
2023-07-09 00:00:00,15.4,,23,,,,,,,
2023-07-10 00:00:00,15.3,11.1,21.5,,,,,,,
2023-07-11 00:00:00,,,,,,,,,,
2023-07-12 00:00:00,,,,,,,,,,
2023-07-13 00:00:00,9.6,6.8,22.7,0.3,,,,,,
2023-07-14 00:00:00,7.8,6.8,9.6,0,,,,,,
2023-07-15 00:00:00,,,,,,,,,,
2023-07-16 00:00:00,8.5,,23.8,,,,,,,
2023-07-17 00:00:00,10.5,2.1,15.5,,,,,,,
2023-07-18 00:00:00,7.9,,12.8,,,,,,,
2023-07-19 00:00:00,,,,,,,,,,
2023-07-20 00:00:00,,,,,,,,,,
2023-07-21 00:00:00,,,,,,,,,,
2023-07-22 00:00:00,,,,,,,,,,
2023-07-23 00:00:00,,,,,,,,,,
2023-07-24 00:00:00,10.7,,14,,,,,,,
2023-07-25 00:00:00,,,,,,,,,,
2023-07-26 00:00:00,,,,,,,,,,
2023-07-27 00:00:00,9.1,2,20.6,,,,,,,
2023-07-28 00:00:00,,,,,,,,,,
2023-07-29 00:00:00,,,,,,,,,,
2023-07-30 00:00:00,,,,,,,,,,
2023-07-31 00:00:00,15.8,4,28.5,,,,,,,
2023-08-01 00:00:00,,,,,,,,,,
2023-08-02 00:00:00,,,,,,,,,,
2023-08-03 00:00:00,18.3,8.5,32.6,,,,,,,
2023-08-04 00:00:00,16.8,8.3,28.2,,,,,,,
2023-08-05 00:00:00,16.7,7.8,25.5,,,,,,,
2023-08-06 00:00:00,,,,,,,,,,
2023-08-07 00:00:00,,,,,,,,,,
2023-08-08 00:00:00,,,,,,,,,,
2023-08-09 00:00:00,,,,,,,,,,
2023-08-10 00:00:00,,,,,,,,,,
2023-08-11 00:00:00,,,,,,,,,,
2023-08-12 00:00:00,12.2,7.9,21.6,0,,,,,,
2023-08-13 00:00:00,,,,,,,,,,
2023-08-14 00:00:00,,,,,,,,,,
2023-08-15 00:00:00,,,,,,,,,,
2023-08-16 00:00:00,,,,,,,,,,
2023-08-17 00:00:00,20.2,9,33,,,,,,,
2023-08-18 00:00:00,15.3,,30.5,,,,,,,
2023-08-19 00:00:00,,,,,,,,,,
2023-08-20 00:00:00,,,,,,,,,,
2023-08-21 00:00:00,,,,,,,,,,
2023-08-22 00:00:00,,,,,,,,,,
2023-08-23 00:00:00,,,,,,,,,,
2023-08-24 00:00:00,,,,,,,,,,
2023-08-25 00:00:00,12.9,,20,,,,,,,
2023-08-26 00:00:00,13.7,,19.2,,,,,,,
2023-08-27 00:00:00,11.3,6,18.6,,,,,,,
2023-08-28 00:00:00,,,,,,,,,,
2023-08-29 00:00:00,,,,,,,,,,
2023-08-30 00:00:00,,,,,,,,,,
2023-08-31 00:00:00,16.1,3.2,27.5,,,,,,,
2023-09-01 00:00:00,,,,,,,,,,
2023-09-02 00:00:00,19.2,9.6,31,,,,,,,
2023-09-03 00:00:00,19.8,15.4,28.6,,,,,,,
2023-09-04 00:00:00,14.6,,24.8,,,,,,,
2023-09-05 00:00:00,12.6,10.6,19.5,,,,,,,
2023-09-06 00:00:00,,,,,,,,,,
2023-09-07 00:00:00,,,,,,,,,,
2023-09-08 00:00:00,15.3,11.7,28.8,0,,,,,,
2023-09-09 00:00:00,,,,,,,,,,
2023-09-10 00:00:00,,,,,,,,,,
2023-09-11 00:00:00,,,,,,,,,,
2023-09-12 00:00:00,,,,,,,,,,
2023-09-13 00:00:00,,,,,,,,,,
2023-09-14 00:00:00,,,,,,,,,,
2023-09-15 00:00:00,,,,,,,,,,
2023-09-16 00:00:00,,,,,,,,,,
2023-09-17 00:00:00,22.4,10,36.8,,,,,,,
2023-09-18 00:00:00,20.1,,36,,,,,,,
2023-09-19 00:00:00,11.9,4.1,24,,,,,,,
2023-09-20 00:00:00,,,,,,,,,,
2023-09-21 00:00:00,,,,,,,,,,
2023-09-22 00:00:00,,,,,,,,,,
2023-09-23 00:00:00,24.8,15,34.5,,,,,,,
2023-09-24 00:00:00,25.5,20.6,33.5,,,,,,,
2023-09-25 00:00:00,21.4,17.3,31,,,,,,,
2023-09-26 00:00:00,19.1,,24.5,,,,,,,
2023-09-27 00:00:00,12.6,9.9,22.6,9.9,,,,,,
2023-09-28 00:00:00,,,,,,,,,,
2023-09-29 00:00:00,16.9,11.4,24,,,,,,,
2023-09-30 00:00:00,16.9,13.5,21.7,,,,,,,
2023-10-01 00:00:00,,,,,,,,,,
2023-10-02 00:00:00,,,,,,,,,,
2023-10-03 00:00:00,,,,,,,,,,
2023-10-04 00:00:00,,,,,,,,,,
2023-10-05 00:00:00,,,,,,,,,,
2023-10-06 00:00:00,,,,,,,,,,
2023-10-07 00:00:00,17.1,12,27.7,,,,,,,
2023-10-08 00:00:00,,,,,,,,,,
2023-10-09 00:00:00,,,,,,,,,,
2023-10-10 00:00:00,,,,,,,,,,
2023-10-11 00:00:00,20.3,13,32.8,,,,,,,
2023-10-12 00:00:00,14.3,11,29.5,,,,,,,
2023-10-13 00:00:00,,,,,,,,,,
2023-10-14 00:00:00,,,,,,,,,,
2023-10-15 00:00:00,,,,,,,,,,
2023-10-16 00:00:00,,,,,,,,,,
2023-10-17 00:00:00,22.7,,37.6,,,,,,,
2023-10-18 00:00:00,17.8,15,26.5,,,,,,,
2023-10-19 00:00:00,17.6,13.4,23.2,0,,,,,,
2023-10-20 00:00:00,,,,,,,,,,
2023-10-21 00:00:00,,,,,,,,,,
2023-10-22 00:00:00,,,,,,,,,,
2023-10-23 00:00:00,25.6,17.8,38,,,,,,,
2023-10-24 00:00:00,22.3,17.8,31.2,,,,,,,
2023-10-25 00:00:00,17.4,15.7,26.4,,,,,,,
2023-10-26 00:00:00,,,,,,,,,,
2023-10-27 00:00:00,,,,,,,,,,
2023-10-28 00:00:00,,,,,,,,,,
2023-10-29 00:00:00,,,,,,,,,,
2023-10-30 00:00:00,24.1,13.4,36.7,,,,,,,
2023-10-31 00:00:00,19.7,15.1,31,2,,,,,,
2023-11-01 00:00:00,,,,,,,,,,
2023-11-02 00:00:00,18.6,,25.5,,,,,,,
2023-11-03 00:00:00,14.8,9,24.3,5.1,,,,,,
2023-11-04 00:00:00,,,,,,,,,,
2023-11-05 00:00:00,,,,,,,,,,
2023-11-06 00:00:00,,,,,,,,,,
2023-11-07 00:00:00,,,,,,,,,,
2023-11-08 00:00:00,26.3,15,38.4,,,,,,,
2023-11-09 00:00:00,22.8,15.5,33.2,,,,,,,
2023-11-10 00:00:00,,,,,,,,,,
2023-11-11 00:00:00,,,,,,,,,,
2023-11-12 00:00:00,28.1,18.9,39.5,,,,,,,
2023-11-13 00:00:00,23.1,18.4,38,,,,,,,
2023-11-14 00:00:00,21.1,15.6,29.4,0,,,,,,
2023-11-15 00:00:00,,,,,,,,,,
2023-11-16 00:00:00,24.3,17,33,,,,,,,
2023-11-17 00:00:00,,,,,,,,,,
2023-11-18 00:00:00,28.1,18.8,33.3,,,,,,,
2023-11-19 00:00:00,26.2,20,34,,,,,,,
2023-11-20 00:00:00,,,,,,,,,,
2023-11-21 00:00:00,,,,,,,,,,
2023-11-22 00:00:00,23.7,,35,,,,,,,
2023-11-23 00:00:00,17.6,17,26.5,,,,,,,
2023-11-24 00:00:00,,,,,,,,,,
2023-11-25 00:00:00,,,,,,,,,,
2023-11-26 00:00:00,,,,,,,,,,
2023-11-27 00:00:00,,,,,,,,,,
2023-11-28 00:00:00,,,,,,,,,,
2023-11-29 00:00:00,,,,,,,,,,
2023-11-30 00:00:00,23.4,18,35,3,,,,,,
2023-12-01 00:00:00,,,,,,,,,,
2023-12-02 00:00:00,,,,,,,,,,
2023-12-03 00:00:00,21.6,17.8,35.4,14,,,,,,
2023-12-04 00:00:00,16.4,11.9,29,5.1,,,,,,
2023-12-05 00:00:00,,,,,,,,,,
2023-12-06 00:00:00,,,,,,,,,,
2023-12-07 00:00:00,21.4,,30,2,,,,,,
2023-12-08 00:00:00,,,,,,,,,,
2023-12-09 00:00:00,,,,,,,,,,
2023-12-10 00:00:00,20.1,14.6,30.6,1,,,,,,
2023-12-11 00:00:00,,,,,,,,,,
2023-12-12 00:00:00,,,,,,,,,,
2023-12-13 00:00:00,,,,,,,,,,
2023-12-14 00:00:00,25.1,20.6,35.2,3,,,,,,
2023-12-15 00:00:00,,,,,,,,,,
2023-12-16 00:00:00,27.6,20.5,34.8,,,,,,,
2023-12-17 00:00:00,,,,,,,,,,
2023-12-18 00:00:00,23.6,17.4,39.6,1,,,,,,
2023-12-19 00:00:00,19.6,15.4,32,50,,,,,,
2023-12-20 00:00:00,19.3,16.3,23.7,0,,,,,,
2023-12-21 00:00:00,19.9,16.3,24,0.5,,,,,,
2023-12-22 00:00:00,,,,,,,,,,
2023-12-23 00:00:00,,,,,,,,,,
2023-12-24 00:00:00,,,,,,,,,,
2023-12-25 00:00:00,22.8,,32.5,0.5,,,,,,
2023-12-26 00:00:00,20.2,18,28.6,0,,,,,,
2023-12-27 00:00:00,,,,,,,,,,
2023-12-28 00:00:00,,,,,,,,,,
2023-12-29 00:00:00,21.5,,33,0,,,,,,
2023-12-30 00:00:00,,,,,,,,,,
2023-12-31 00:00:00,21.3,,27,4.1,,,,,,
